ED,total_workers,drove_alone,carpool,public_transit,bus,subway,railroad,streetcar,ferry,taxi,bicycle,walked,other,worked_home,pct_bus,pct_subway,pct_public_transit,pct_drove,pct_walked,pct_bicycle,pct_worked_home,bus_dependency_score,transit_reliance,bus_subway_ratio,total_tt_universe,tt_under_10,tt_10_14,tt_15_19,tt_20_24,tt_25_29,tt_30_34,tt_35_44,tt_45_59,tt_60_plus,avg_commute_time,pct_long_commute,ED_num.x,Zohran_Mamdani,Andrew_Cuomo,Irene_Estrada,Curtis_Sliwa,Eric_Adams,total_votes,Mamdani_pct,Cuomo_pct,Estrada_pct,Sliwa_pct,Adams_pct,winner,ED_num.y,total_pop,pct_white,pct_black,pct_asian,pct_hispanic,median_age,median_income,pct_poverty,pct_bachelors_plus,pct_renter,median_rent,pct_foreign_born,pct_spanish_home,pct_asian_lang_home,bangladeshi,pakistani,chinese,korean,filipino,asian_indian,vietnamese,mexican,puerto_rican,dominican,ecuadorian,colombian,salvadoran,italian,irish,polish,russian,greek,turnout_rate,turnout_strength,muslim_proxy,hindu_proxy,jewish_proxy,dist_to_mosque,mosques_nearby,dist_to_synagogue,synagogues_nearby,Mamdani_votes,Cuomo_votes,Sliwa_votes,margin,margin_votes,potential_voters,turnout_gap,support_category,turnout_category,strategic_type,south_asian_total,south_asian_pct,expected_mamdani,performance_gap
34001,2134.8455786509785,470.8565018181058,66.30907376279654,1055.3224398641853,91.07597843413576,925.6964087670682,11.949607156704978,0,26.600445506276333,2.10437682235023,34.01756366517203,112.53103537917777,8.36774298853335,385.3366230250937,4.266162355953034,43.361281866205104,49.433197905164164,25.1618000361572,5.271155745620102,1.5934437603055078,18.04985929092774,4.266162355953034,49.433197905164164,0.09838644459627918,1749.508955625885,5.87339849597611,53.20701083989508,69.11543025506333,120.89482756372969,103.47230834839266,75.97480815203879,222.17967627365275,21.944579957941386,145.5258308649826,17.051338471181154,9.572423752641587,1,482,312,1,107,0,902,53.4,34.6,0.1,11.9,0,Mamdani,1,545.8407619454811,NA,NA,NA,NA,18.505844767270116,54977.99748540915,0,27.80934927227219,26.61344918342328,1246.5612065355429,0,0,0,49.821100609806464,2.0077767088568477,54.780691527380704,15.207020334561236,4.32893963483485,19.511143665766973,1.8232829211965167,263.07694108548446,153.18053099858162,85.65995454468775,31.046995308218527,47.45096292081632,130.44900957079372,0,640.7278836016766,18.003133698105778,27.222465140955116,222.7002299451868,1.65249659403431,3.2853117789232837,2.320573389265254,4.3304853574351976e-4,1.6945614172660874,620.7656041920458,1,3487.4738050992396,0,482,312,107,18.799999999999997,170,-356.15923805451894,-0.6524965940343099,Moderate Support (50-60%),High Turnout (30%+),PROTECT & EXPAND,71.34002098443028,13.069749633603909,53.920924890081174,-0.5209248900811758
34002,2979.5412983586334,366.04155205771076,159.0933940683645,2040.7974790628634,272.11921765333744,1737.678261409526,31,0,0,27,33.50054973901241,270.0615595190796,4.491758061716275,64.67690122043112,9.132923171873543,58.32032811113497,68.4936798891526,17.62469096888709,9.063863611081707,1.1243525893555213,2.170699941499729,9.132923171873543,68.4936798891526,0.15659931052633796,2914.864397138202,2.857531148482172,27.078981021587882,27.560803077713697,120.62461121026878,252.99283426216581,58.131501667981006,454.10127609235457,16.167568929512335,268.873222925319,17.068157526985807,9.778869718079608,2,57,57,2,10,0,126,45.2,45.2,1.6,7.9,0,Mamdani,2,1644.017968847238,2.200303776476207,6.248050537850971,3.1241196424362943,87.82102342787776,33.025284441858616,72242.49726094575,0,11.17868017231881,69.67390757219599,1922.796695730188,0,0,0,4.830846750905603,0,21.291805852265508,2.0726398370463643,0.01099214248809792,39.313037973261366,0,464.9440650607339,95.07393215641297,287.987770310694,681.5570364497645,43.93003234393416,30.148443598163972,0,9.60014685860358,0,0,1.7649403783254685,0.07664149807824144,0.15237018781144007,0,0,0,1185.3594996226475,0,1339.293990549409,0,57,57,10,0,0,1518.017968847238,0.9233585019217584,Competitive (45-50%),Low Turnout (<20%),SWING - PERSUADE,44.143884724166966,2.685121790677265,45.80553653720318,-0.6055365372031787
34003,2188.4178243426268,519.1589068232067,118.91219714993395,1104.1921748729856,138.97837641064507,958.2134092127349,6.999772999077278,6.162505284866131e-4,0,13.411700834060763,44.993336011673385,208.42855834493352,19.12053279561318,160.20041749975707,6.350632628958431,43.78567011080574,50.456186318290065,29.156731263821126,9.524166547471017,2.0559755779355715,7.3203761968023295,6.350632628958431,50.456186318290065,0.1450390644447663,2028.2174068428697,23.46777760355991,48.253938006082926,28.108803262988914,138.7337594930973,256.443802579637,112.65659998157868,279.2115810085556,56.821315213304985,187.29323155361735,20.633618608123722,12.035916166744268,3,322,182,0,42,0,546,59,33.3,0,7.7,0,Mamdani,3,96.0129241983806,NA,NA,NA,NA,2.9050551079206985,6948.033916616803,0,3.4367431741880803,5.64653462266228,157.33049201274244,0,0,0,53.9544446900384,1.0932056460529904e-4,58.61797336048589,17.148570064609277,22.855018507991325,98.23193412016715,2.4410393913467738e-8,57.181870420943746,248.4393000267951,25.79455673819839,20.71154480694489,113.1206478291668,3.7487390652825453e-8,0,133.1184554528133,5.765106739601874,1.1306488075101078,54.743730653353126,5.686734411628399,11.305739215183673,0,2.092486453510636e-8,1.2720322187447048,1994.7054535647103,0,4902.684719469937,0,322,182,42,25.700000000000003,140,-449.9870758016194,-4.686734411628399,Moderate Support (50-60%),High Turnout (30%+),OPPOSITION TERRITORY,152.18648813077016,158.50625257108564,97.55187577132568,-38.55187577132568
34004,3405.340976804296,703.1848488603741,223.13023000723402,1698.726309617773,85.06089312669415,1563.5325223667287,33.13713575161756,16.995758372732624,0,21.620619201553108,40.44998541002821,157.79366623464625,103.86080615977845,455.1002713148943,2.497867135951789,45.91412528192723,49.88417668564642,27.20183045331625,4.633711199831916,1.1878395052229995,13.364308432396044,2.497867135951789,49.88417668564642,0.054403021305842084,2950.2407054894015,36.04743017460265,28.72487602594356,159.23474353759573,152.33750019065872,219.1199342044724,33.65249688089866,358.431524126638,161.78536764784775,246.0609445542697,18.090598428599424,13.824170734382902,4,483,157,1,48,0,689,70.1,22.8,0.1,7,0,Mamdani,4,1159.608788808322,NA,NA,NA,NA,35.37622669604997,81439.06381219666,0,48.01886282608,81.3030908834343,1886.7842321887288,0,0,0,29.66582417821865,4.719398588805843,17.83342888190004,17.016450411361706,34.6931129596966,54.01302640043062,3.4397327857141664,45.0412804034342,118.04809272513612,76.5884649174134,78.36745470812637,91.80706110018052,5.282446778061041,0,238.43977478306093,9.979012613158922,4.861090969502454,129.85448448470078,0.5941659003016477,1.1812552219124466,0,2.9484799960493633,5.812140373947155,1517.9262057458675,0,4569.396060090027,0,483,157,48,47.3,326,470.60878880832206,0.4058340996983522,Strong Support (60%+),High Turnout (30%+),OPPOSITION TERRITORY,88.3982491674551,7.62310962288394,52.28693288686518,17.813067113134814
34005,751.6795694054413,111.980050225567,20.068165537796425,448.31445457424417,12.072592297154936,427.36495617624,8.876906100849217,0,0,15.3456637600143,10.652287321019061,27.98453701191936,4.820838133280553,110.38311537739659,1.606082270761202,56.854672332557136,59.64169744946628,17.56708857576242,3.722934366043019,1.4171314153775312,14.684863054706506,1.606082270761202,59.64169744946628,0.02824890558451954,641.29645402804465,13.60304087856117,3.2484873739847573,37.133684590354164,26.791846585532138,33.48640229448096,12.912931229455559,136.8335708079799,28.028255689773836,74.65157076352918,22.973840227530882,16.011288665072318,5,557,222,1,61,2,843,66.1,26.3,0.1,7.2,0.2,Mamdani,5,1781.556279951798,NA,NA,NA,NA,36.688453130797775,106184.325480038,0,42.69935343357375,77.13198671501611,2108.330741283977,0,0,0,24.629673630970306,0,19.257467217043807,10.14763315228841,16.3328996991124,20.57762503466608,4.970882517121165,43.665241622275005,100.44515846944272,18.995872476141596,97.7783386978317,74.92120121203773,7.633855294150361,0,131.67183488332918,4.060567782993449,5.1748574825696405,75.58222669714766,0.47318179587501347,0.9407279465339572,0,4.26091492839937,8.396184662484341,1437.7160612859022,0,4285.893817171701,0,557,222,61,39.8,335,938.556279951798,0.5268182041249865,Strong Support (60%+),High Turnout (30%+),OPPOSITION TERRITORY,45.20729866563639,2.5375172917276307,50.76125518751829,15.338744812481709
34006,155.4167440731781,33.60974430606893,0.7910937211372403,69.0483477612157,5.634001486635428,61.51439139045311,1.8999548841271499,0,0,0,0.07717987523290148,34.7082426024764,3.206173866964565,13.840897158424797,3.6250929848219275,39.58028573902501,44.42786919323456,22.134576446285934,22.332370176365295,0.049659948606670896,8.905666658354264,3.6250929848219275,44.42786919323456,0.09158834801558018,141.5758469147533,1.0944512473991557,21.173087577574616,28.356280220928326,6.100058105441432,13.862215651737179,4.3268286608935735,9.183437743139738,1.6891409915933284,18.97120593154221,22.370420489313506,14.593129671034712,6,27,31,0,8,0,66,40.9,47,0,12.1,0,Cuomo,6,596.9200431488943,79.58088674904735,2.7874221556056997,3.782284679755499,13.7730143054198,49.4045313850862,115673.84346611904,0,56.947301597697475,56.58234405835636,2158.6678706893226,0,0,0,0.11094672496100504,0.01920231778171241,65.71881347595023,0.02133590864634712,2.4866906468207417,0.3819127647696135,0.04907258988659838,16.563527985542812,107.96739805130976,82.95856383927008,8.017584221293678,5.3989697079800285,9.126513320232062,0,6.435356717520833,0,3.249978025688302,2.8441835370481985,0.11056757225278348,0.21981827303026735,0,1.54333101256898,0,299.66140314221025,2,2494.1969712398536,0,27,31,8,-6.100000000000001,-4,530.9200431488943,0.8894324277472165,Opposition (< 45%),Low Turnout (<20%),UPHILL PERSUASION,0.5120618075123309,0.0857839862121372,60.02573519586364,-19.12573519586364
34007,1327.3554551435368,197.90038531151959,14.605481900985227,652.358796962664,72.9186382466697,579.4383982623583,0.0017604536359672074,0,0,9.009942121700835,30.779541990069973,57.10735142602697,8.01546224896836,357.57740581474604,5.493527597608319,43.65359678276226,49.147257009021715,16.009718149651555,4.302340507565965,2.318862055434997,26.93908435974134,5.493527597608319,49.147257009021715,0.1258436418182517,969.7780493287906,18.56030844701465,9.630512948922908,50.60715448685738,72.42625767128155,48.770792581056675,34.60881238842997,134.0469443808139,78.55620714030293,87.63165615363252,21.24233829393792,17.136690545734513,7,504,192,4,44,1,745,67.7,25.8,0.5,5.9,0.1,Mamdani,7,798.812826055085,56.474015626631825,0.537034123433536,9.12065214647686,31.582541837651036,33.0048724992095,103929.36520111466,0,51.51506808967952,79.59192278849022,2287.4643662575536,0,0,0,3.005365006340815,34.78663580906412,53.8213355029056,8.078233859253965,6.0110674437110045,14.067761308343398,3.727791286273496,181.3287537994203,113.42087045543376,36.040200434457475,56.07680586707181,83.03609284062689,0.00226185441213662,0,183.43534181447384,20.42758701638064,4.659164455625356,116.4334779954759,0.93263399847892,1.8541602274331224,18.52174398982574,18.636553142092392,13.667213656934337,728.262575489486,1,3656.3569482787702,0,504,192,44,41.900000000000006,312,53.812826055085,0.06736600152107997,Strong Support (60%+),High Turnout (30%+),OPPOSITION TERRITORY,51.85976212374834,6.492104336864036,51.94763130105921,15.752368698940792
34008,1357.7013044742203,202.2804440825413,36.262089823934886,809.7124549565856,21.77463947268039,771.9270511657578,16.01076431814735,0,0,27.691619640740797,19.212917181776817,50.57421731454147,8.715362608909135,199.40961542883502,1.6037871806503698,56.855440045753824,59.63848250629417,17.569588621619065,3.7249884895799457,1.4151063358679734,14.68729644522643,1.6037871806503698,59.63848250629417,0.02820815702700989,1158.2916890453853,24.625670195582504,5.880757061631643,67.00565365052574,48.416265446418635,60.478673344672295,23.32548753875814,247.0883663262333,50.58000998603739,134.7435055980075,22.964411988561277,15.999727645182418,8,567,247,0,58,2,874,64.9,28.3,0,6.6,0.2,Mamdani,8,1493.4381208732784,NA,NA,NA,NA,34.23889722486412,84845.6613204193,0,53.06788153041805,70.90857212771793,2221.940647509449,0,0,0,44.45973061252825,0,34.81445004541406,18.33303320690984,29.45969305800054,37.20913175623068,8.965993539391468,78.93743590856715,181.55686448248528,34.262903882674536,176.454905933682,135.41791481327317,13.76920436406547,0,237.94534720235805,7.351075861459366,9.34471144414908,136.62641978036612,0.5852267916456653,1.1634834703296626,0,7.685166872739076,15.155891442653042,1235.4690704043398,0,4073.862290085735,0,567,247,58,36.60000000000001,320,619.4381208732784,0.41477320835433473,Strong Support (60%+),High Turnout (30%+),OPPOSITION TERRITORY,81.66886236875894,5.46851330679865,51.64055399203959,13.259446007960412
34009,1469.767453155557,268.43894527883515,42.21643336585191,835.3052774514607,33.194597670605305,769.6682102802589,32.44122708794721,0,0.0012424126494759444,31.81144688839449,28.809521217565514,42.6010029813492,6.857902807278067,209.18042392714366,2.2584931785866713,52.36666580334181,56.832478883518576,21.136362625102162,2.898485940063907,1.9601414601821625,14.232212278074202,2.2584931785866713,56.832478883518576,0.043128450970474894,1260.5870292284133,6.013230387397225,5.501947101105597,80.69733799474444,42.21203295322561,66.51856562000854,31.939920015079252,262.11015968013567,52.8825296663369,184.7352674605499,24.78956117106433,18.849773289538696,9,379,227,0,77,0,683,55.5,33.2,0,11.3,0,Mamdani,9,875.2477847529103,71.59943007969167,5.718771183147479,8.9276129048648,12.57773434815427,32.692716208097416,139339.4259914711,0,52.35592414343527,65.76710123732876,2508.2764578899323,0,0,0,43.10998838523391,0.00196631370062307,26.730916729314956,15.006042408267833,39.58206777743881,35.355147315714284,14.32072547498318,83.33123055573805,134.03162532966834,88.12006377300939,193.06148976396747,96.7082383423224,18.322779177561824,0,234.191800968197,1.3936459140983133,8.13600991926353,117.72053648912288,0.7803504469226581,1.551406837519829,4.725203898225743,9.094049422778363,16.67001317062924,956.2633912033024,0,3688.4470233136817,0,379,227,77,22.299999999999997,152,192.24778475291032,0.2196495530773419,Moderate Support (50-60%),High Turnout (30%+),OPPOSITION TERRITORY,78.46710201464882,8.965130033068377,52.68953900992051,2.810460990079484
34010,11656.83036052728,1433.0674551626291,493.24617378350564,7764.361441168698,637.8053579518341,6883.697361528107,231.85872168875645,11,0,0,194.1100878105817,1299.6074190932507,1.5236494492950334,468.8243930331266,5.471516168851444,59.05290845475367,66.6078273512551,16.52519226383424,11.148891927723522,1.6652047066575086,4.0218856973390835,5.471516168851444,66.6078273512551,0.09265447396284839,11188.005967494151,124.24477528604935,124.72777232459994,301.66433450820693,918.7946124847034,702.0481739771503,251.2524344104101,1809.3747510107041,296.46571530483266,1151.530783520776,19.83810039574767,12.94240012950159,10,227,169,1,39,0,436,52.1,38.8,0.2,8.9,0,Mamdani,10,1509.102690555926,1.1650275160771597,0.8992323213852269,6.023693774880866,91.47959083800215,34.91804556634126,83508.614164058,0,8.415312418241383,83.26548840286274,1868.4119987138092,0,0,0,12.88543603996567,0,314.98345575699966,0.311469891930495,8.994541856296236,144.14186438398502,0.00526736763217536,1720.9464955006713,94.54000547644056,677.0898218230678,3062.34342900773,177.237336465205,51.52744168587107,0,9.271571847539445,0,0.00239425801462516,1.5412538261055588,0.28891340710510927,0.5743858249861944,6.064845622487214,0,0,441.2624845304111,1,1843.759214298924,0,227,169,39,13.300000000000004,58,1073.102690555926,0.7110865928948907,Moderate Support (50-60%),Medium Turnout (20-30%),PROTECT & EXPAND,157.0273004239507,10.405342287614946,58.12160268628448,-6.021602686284481
34011,1920.5658052404358,470.28202967259244,57.62331205946138,1148.2851969101766,150.53170003237906,980.7534926605757,17,4.21722188540192e-6,0,9.000003748641676,29.520827600783456,143.45169851607977,9.328358353244912,42.50005367619171,7.837882962491566,51.06586246534756,59.788901467316435,27.48696974045965,7.469241518549324,1.5370901387618812,2.212892344549013,7.837882962491566,59.788901467316435,0.15348576493367214,1878.065751564244,15.08587396966976,17.287166111960943,88.39869364035904,73.03296630298993,112.58628485293607,84.42624822385335,324.88436190008383,34.397906935693044,143.94472854690252,18.014067118656772,9.496080493137885,11,126,99,0,18,1,244,51.6,40.6,0,7.4,0.4,Mamdani,11,1347.2032113781092,1.778619740339766,7.249189460073972,13.035087189536949,77.93709651555555,37.599839753544,55324.7272724312,0,16.124049288940583,76.00131299622085,1710.4083569529123,0,0,0,20.035245017449636,0,41.67553068748294,16.116612794103112,36.35212430739948,84.2405943728235,1.0513865219599127e-7,197.2855729980791,75.37899254134369,392.42019014320977,241.01359350932893,169.64344245377615,6.232258560628644,0,4.3168126535391576,0,8.821010673883463e-7,12.723237324681342,0.18111595781485884,0.3600748054236378,0,0,0,1378.035529715222,0,1033.800286085729,0,126,99,18,11,27,1103.2032113781092,0.8188840421851411,Moderate Support (50-60%),Low Turnout (<20%),OPPOSITION TERRITORY,104.27583939027312,7.740171527917093,47.32205145837513,4.277948541624873
34012,4195.370541100816,734.7877962542163,163.41630874438363,2067.476995955565,54.58513104575958,2012.8236010407868,0.06463849228020514,0.0036253767388901253,0,7.315338628419838,46.793361757135045,315.84987065307075,20.480597215108048,819.24738696315,1.3010800955721324,47.977254483763566,49.279961703050986,21.409410591964583,7.52853335739435,1.1153570655729736,19.527414299576723,1.3010800955721324,49.279961703050986,0.027118685918395835,3376.1231541376656,123.22857164214803,82.96949370434879,109.77588999939655,128.58879746857514,149.3084343882699,157.4803067269156,437.2539458206237,148.95761275040076,485.56909917975736,22.032603157577608,18.794536898113538,12,674,248,0,52,2,976,69.1,25.4,0,5.3,0.2,Mamdani,12,1258.1096529362037,64.49241954612653,5.354898244308024,10.29519225047756,14.916030081120962,36.21612992085061,99901.21189325728,0,46.83265466454084,70.21746910360652,2082.872835457025,0,0,0,50.885643126363846,2.725534647108854,61.6341852003558,32.9056730715087,17.939053980452826,7.185969805016104,21.770912854605797,48.92071263058607,130.90688023119034,70.763392296616,5.548591000990254,37.19619397603211,0.01032708460672623,0,571.5411019202131,17.33542589312627,4.023438231081525,215.6895218866269,0.7757670388444997,1.5422946102383044,6.686497172302945,0.00576985953005235,0.0088952001088307,1063.5580241096184,0,4514.897819895407,0,674,248,52,43.7,426,282.1096529362037,0.2242329611555003,Strong Support (60%+),High Turnout (30%+),OPPOSITION TERRITORY,60.7971475784888,4.832420404421753,51.44972612132653,17.650273878673467
34013,3157.2708791769414,427.45379339257727,73.5870146746202,1744.1500672415677,94.75848221562197,1645.4556334061194,3.9359516198263234,0,0,24.709200097614303,67.67644900203713,146.43343617455835,13.785191338510296,659.4726261694107,3.001278187455498,52.11639090767745,55.24233219090294,15.869427339025538,4.637975067021541,2.143511012893499,20.887426242670898,3.001278187455498,55.24233219090294,0.057587989789472716,2497.7982530075305,28.004679702953382,42.92779857226836,98.27960938595653,182.96278781241216,106.50418109669323,115.38584757915703,393.9490173146264,194.1952364267712,226.08357017394934,21.780798353009473,16.825970876337763,13,573,226,0,64,1,864,66.3,26.2,0,7.4,0.1,Mamdani,13,1094.4545741071784,63.21776381586417,2.781166019686136,4.41217126645961,26.001650947794392,35.20225970919409,103948.77757567132,0,47.6787832057022,80.42331590369781,2118.4655544592424,0,0,0,0.14684934001018496,77.17600461393216,119.40917081033024,31.646207402967978,0.05937575971334627,17.330613641221518,11.804627073446571,195.3401575570404,185.54029180213823,112.16815603666888,54.0003370805702,123.69965769108524,0.01110963206648403,0,496.97314203835424,5.429098750027207,10.341239317237369,200.29051830013435,0.7894343177329438,1.569466389278657,17.404764800979464,41.349893338222216,30.32826853713656,598.266465349678,1,4009.451555267796,0,573,226,64,40.099999999999994,347,230.45457410717836,0.2105656822670562,Strong Support (60%+),High Turnout (30%+),OPPOSITION TERRITORY,94.65346759516387,8.648460140283044,52.59453804208491,13.705461957915084
34014,1811.424515657749,454.46255370947,63.292328388914335,810.6050075981531,51.94856446780407,738.7496468504373,19.906406287130974,0,3.8999278069746097e-4,9.447195886632352,26.332596719441373,57.273803965138725,4.199402705088759,375.518112281062,2.8678293806209725,40.782800523277054,44.74958799504892,28.582746762173613,3.161810137274307,1.4536955027286744,20.73054157295133,2.8678293806209725,44.74958799504892,0.07031957942623727,1435.906403376687,9.577978408246445,21.85011488854258,78.23738555442992,43.27614560162727,121.64555544267327,25.56961763456814,217.78184583980823,16.396244265339433,160.20389768942886,19.057036152219712,12.298861648605662,14,562,339,1,92,0,994,56.5,34.1,0.1,9.3,0,Mamdani,14,1575.7816764638767,69.95035313958488,0.11158277813236205,6.315854781626094,19.995086894407315,36.13021994049701,104502.6063494981,0,49.01015770016669,67.83826876400198,2219.5346525708146,0,0,0,2.002764527223575,0.02421968089797883,29.352564404050845,29.718474911968357,26.729289071576716,58.29620850909849,5.480463115224556,182.6346407008522,105.9626400383284,133.8958820899797,44.88378919946407,75.50679786200905,20.142462733072044,0,356.03283857546785,22.474874974760553,0.00805776058000563,183.9258377770371,0.6307980444540894,1.2540832175075367,44.16110108640872,1.3565908595133649,2.9904042661325168,804.9143212537648,0,3210.2118100550733,0,562,339,92,22.4,223,581.7816764638767,0.3692019555459106,Moderate Support (50-60%),High Turnout (30%+),OPPOSITION TERRITORY,60.323192717220046,3.8281440645120295,51.14844321935361,5.351556780646391
34015,603.5396764322719,203.86938173738702,15.599258647857754,239.0353969588087,5.533548015571074,233.48827103362697,0.013577909610622888,0,0,5.759146418583022,4.858186757583638,23.130971959808054,0.06034626493610172,106.98694317928009,0.9168490874173768,38.686482455280405,39.60558125554034,36.36358121185976,3.8325520032987868,0.804949027759373,17.726579934515037,0.9168490874173768,39.60558125554034,0.023699468890127386,496.55273325299186,0.007543283117012715,33.84016111673069,49.62204972365422,21.34220681312922,37.5611276895226,4.068445440849147,58.32099576566131,3.687168287921651,29.908195680030932,15.008576187319598,6.7657192717205055,15,135,161,1,49,0,346,39,46.5,0.3,14.2,0,Cuomo,15,1501.9542601617632,NA,NA,NA,NA,37.89189190548103,104638.7901512403,0,45.66218538618249,56.20647225614991,2170.066831281662,0,0,0,0.0347262695858427,0.00192031357385064,18.666734861514342,19.276623642465996,6.502992318274821,12.321586181754068,0.04660097882154189,30.757881987057743,17.704662644842212,26.34981806102796,4.254392374164973,24.648224495249316,7.085314261451654,0,143.63246253005963,26.79521629424438,0.01601908646990502,74.34384784845757,0.23036653590418604,0.45798938201022543,11.871234639968725,4.043516079289568,0,767.7091910893234,1,2722.9465432821144,0,135,161,49,-7.5,-26,1155.9542601617632,0.769633464095814,Opposition (< 45%),Medium Turnout (20-30%),OPPOSITION TERRITORY,12.358232764913762,0.8228101942054319,50.24684305826163,-11.246843058261632
34016,353.2237114727877,115.44877078919947,2.7395783437305474,146.21194764775362,9.586135041571465,132.54832011587646,0.6795820817176137,0,3.3979104085880683,2.606326309412964,3.964228810019413,21.17009294983644,0.7928457620038826,60.289920860831415,2.713899075914664,37.52531775491747,41.393582281923834,33.45991373006544,5.993395194667553,1.1222997441169282,17.06848065478077,2.713899075914664,41.393582281923834,0.0723218146649544,292.93379061195634,0,24.38853482647629,27.527667366755427,20.92573473582543,14.222859375227946,9.073132879995054,26.34208458662137,1.928821853230301,19.0102586152874,14.907414928536118,7.148059097168237,16,94,147,1,44,0,286,32.9,51.4,0.3,15.4,0,Cuomo,16,849.8534705349075,75.7691008301163,1.0890708538598368,2.029737341524135,21.11209097449971,41.45501239558137,106121.33668071251,0,46.87496493071973,20.347003556211934,2290.9714586896657,0,0,0,4.20087121114442,0.00130464630131539,13.985999274205728,7.112127798841602,0.00130464630131539,0.00391393890394618,0,34.791040999868756,11.12222661840294,1.730940066547203,2.718570714872172,7.834998632176096,16.537971848805714,0,108.28101219926312,18.516923480158656,3.398213393590215,46.54588032294771,0.3365286015952707,0.6690491119660177,0,2.60632630942172,0,244.9888488464479,1,2715.133966750174,0,94,147,44,-18.5,-53,563.8534705349075,0.6634713984047294,Opposition (< 45%),High Turnout (30%+),OPPOSITION TERRITORY,4.206089796349683,0.4949194116607327,60.14847582349822,-27.248475823498215
34017,2310.1545808584306,384.99359462270246,76.98802163710693,1398.0286369536193,173.80013404050288,1188.8008734906348,35.427629422481616,0,0,22.151976882698825,44.12650384619212,53.0026728838278,53.50112179161995,277.0789882417605,7.523311880537469,51.459797683706874,60.516670552588124,19.997865947487444,2.294334471078231,1.9101104407392144,11.99395878256773,7.523311880537469,60.516670552588124,0.14619785189943507,2033.07559261667,4.985092767436981,4.899051733736602,70.1266220797637,55.85175919122682,158.94639407360427,28.94254838666215,237.114418059681,68.17610347951802,234.26265953984625,18.21471014020939,14.87592316378706,17,411,219,0,59,2,691,59.5,31.7,0,8.5,0.3,Mamdani,17,1017.8557992797008,NA,NA,NA,NA,37.293810885796155,86892.95698945747,0,51.010323040698054,67.07758642910701,2105.300540795007,0,0,0,20.02697001909695,0.00220868709842406,54.003562118326315,0.6844845660879388,9.595096103050071,198.69030166688665,32.13741131962066,296.667131119454,146.69426848711217,43.304283572448504,40.26051857884835,122.10502197307162,12.986050850839945,0,67.46065646559038,0.00302197020797185,21.693597167850736,308.6358812640795,0.6788780891055446,1.3496706683953803,4.0049823658885515,0.00955019928550225,0.25881414157181654,166.57961673093573,2,3053.6100418996552,0,411,219,59,27.8,192,326.8557992797008,0.3211219108944554,Moderate Support (50-60%),High Turnout (30%+),OPPOSITION TERRITORY,218.71948037308204,21.488258015316298,66.44647740459489,-6.946477404594887
34018,2298.4184382530066,290.71293803320293,88.72166416981213,1463.9166558931372,227.8055721971996,1229.5679836054708,6.54310009046676,0,0,11.98850032784752,36.19934448908785,164.77267464601942,3.3709949850482532,238.73566570885123,9.911405530245887,53.49626348020629,63.69234737804481,16.50850845468407,7.16895896341924,1.5749675466666735,10.38695399129806,9.911405530245887,63.69234737804481,0.1852728561857993,2059.682772544155,28.99939239638503,78.00573634197798,56.00006773462896,62.00134455099361,115.69019037517877,92.80235101505262,320.2756955215355,128.90784926375764,181.42138837098258,20.170097442615738,15.06684630135622,18,514,236,0,47,2,799,64.3,29.5,0,5.9,0.3,Mamdani,18,1567.178874021453,61.42122130454062,1.1937887554522857,7.388287165183624,27.373320063141016,35.5771070663024,81522.87529304082,0,44.21373148008905,85.10300132092237,1860.5966171622904,0,0,0,0.00365909922074456,78.9301129879194,8.161586837730754,0.00531333334066902,16.330368204397118,72.58528726807543,0.00937571885516262,166.10879850327973,72.80627637187867,119.83677319950948,31.18119457725459,83.3716854672546,39.19957063189753,0,158.51908065648485,0.0030361904803823,17.42424982756171,221.71543526377664,0.5098333146552245,1.013594460630721,13.318155423977824,0.00961118705800989,0.02200455984333844,434.8127436310202,2,3384.5194740702113,0,514,236,47,34.8,278,768.1788740214531,0.4901666853447755,Strong Support (60%+),High Turnout (30%+),OPPOSITION TERRITORY,151.51905935521555,9.668268368524563,62.90048051055737,1.3995194894426248
34019,3281.4780796359423,378.729658579428,75.1533645264356,1955.0376573786536,159.56893439623212,1795.1013087563767,0,0.36741422604493784,0,59.182245953754396,62.175570990641525,279.5097844259874,1.575976901224844,470.1138208798171,4.862715231482979,54.70404693227544,59.577958771419,13.831664027334257,8.517801357886782,1.8947428409315927,14.326282530949378,4.862715231482979,59.577958771419,0.08889132530730505,2811.3642587561253,10.376762684566767,12.91939377669778,63.34017785818251,201.80286961856604,220.0463654185063,100.62591921089839,450.10283793293036,246.88711870182107,287.308327289836,23.338640288880065,19.001288941049896,19,506,193,0,54,3,756,66.9,25.5,0,7.1,0.4,Mamdani,19,1070.8488914823934,54.49430627110471,3.3347327368891335,11.837180643572406,26.17754493237529,34.821245728182085,77604.10060268905,0,51.04268803893884,94.98392150819164,1952.7424365720824,0,0,0,4.66554913589384,3.6173195480349474e-4,74.73113363344837,7.215077071520577,27.268789580745903,20.318620569988415,107.42442958129452,287.3566679156031,176.66068137116395,88.12587373483908,32.58861306351546,54.22286434761682,8.812465402385877,0,189.52843776722503,3.999036178940635,2.635198156882592,80.98917574732748,0.7059819606793046,1.4035556015668968,13.195032151462229,12.663888912105966,29.19868680566014,688.3527099877442,1,3287.1056345790525,0,506,193,54,41.400000000000006,313,314.84889148239336,0.29401803932069537,Strong Support (60%+),High Turnout (30%+),OPPOSITION TERRITORY,24.984531437837056,2.3331519168171866,50.69994557504515,16.20005442495485
34020,2160.700820186999,335.571136814469,71.26481078343879,1316.6158207825222,57.38288823133619,1247.1900978457747,0.008656908247351481,12.03417779716424,0,28.806766761493027,25.625757282883107,120.39811416386824,5.4303242895986985,256.98808930872553,2.6557535265974472,57.7215543305915,60.93466566410499,18.828888469746495,5.5721788522970215,1.1859928521092202,11.893737758959354,2.6557535265974472,60.93466566410499,0.04600973687207069,1903.712730878273,5.442588426908244,69.86272867695936,45.696018607319296,58.63276536568084,162.59885958457158,89.57252104805497,264.23363221779135,218.59469385686108,274.6532367530131,26.904630629427736,25.909787890230447,20,535,237,1,76,1,850,62.9,27.9,0.1,8.9,0.1,Mamdani,20,1246.8152428257868,56.2297878013295,2.378820462409235,6.806866803877089,31.927595946866653,36.395969794686934,78219.50877678955,0,39.65328555433447,75.37086586377299,2039.249122865172,0,0,0,11.80246560249403,1.9500571477234202e-7,120.43019871876096,45.35019597323255,9.856420757296258,46.18252276258469,20.806708100610024,180.83978709381367,145.30661510247032,68.99613775502594,117.38572829651592,59.50431415595912,26.502890589775195,0,168.64851824137088,6.660256836131876,4.753247020871558,108.87087625980716,0.6817369332713296,1.355354307590684,32.7147606632861,21.096936457969186,48.43172192527152,443.0217576270827,2,2928.3007362544968,0,535,237,76,35,298,396.8152428257867,0.31826306672867044,Strong Support (60%+),High Turnout (30%+),OPPOSITION TERRITORY,57.98498856008443,4.6506480325558925,61.395194409766766,1.5048055902332322
34021,549.5478116698604,122.2167518974643,0.016982722392790677,233.996197447869,18.912660587193137,207.7031389683355,7.374853721287881,0.005481237004353355,6.293404811241537e-5,0.004891569874973058,0.01719513047952883,130.94335271579487,12.465799191191225,49.8861022282726,3.4414950229216594,37.795280875963655,42.57977058208026,22.24260237674984,23.827472320908598,0.003128959867437115,9.077663702579088,3.4414950229216594,42.57977058208026,0.09105620974787669,499.6617094415878,4.148768757895405,80.69343928799978,107.40719675303664,19.396684253748088,52.10267273260014,15.691611490977582,26.828422381461863,4.630940896887244,66.41520171802964,22.215458511908746,14.218848727535407,21,196,185,3,18,2,404,48.5,45.8,0.7,4.5,0.5,Mamdani,21,2853.0799951050462,6.397319087612703,17.862788289331576,19.13027395439097,55.907486171618,46.29462711738207,33774.768730243326,0,9.96120194308935,99.99259883451262,521.6586387852541,0,0,0,5.052248838196635e-4,7.68431319246596e-5,252.57298330254787,0.00494646729397689,8.299546082737095,0.03538718290088005,0.00191723632159494,62.23186189456136,417.50990797655663,321.1893383971674,30.89054519174574,19.835152385622056,35.02494503104842,0,23.99111295543885,0,12.450414150266711,10.17999477892726,0.14160135737278032,0.2815162276084315,0.00382784242822005,5.990584595590562,0.00320031698892238,298.7626189979879,2,2555.536742021445,0,196,185,18,2.700000000000003,11,2449.0799951050462,0.8583986426272197,Competitive (45-50%),Low Turnout (<20%),SWING - PERSUADE,0.03596925091662437,0.00126071652313765,55.00037821495694,-6.500378214956939
34022,1613.1811935257977,262.79343666792795,72.07768219800435,807.7744275439633,29.085659556948425,741.6931776746019,34.55219579540294,0,2.4433945170100047,7,1.3460504507104265,259.628710390475,13.68183040474245,188.6614377836147,1.8030001635078754,45.97705333109817,50.073384861280026,20.758431861831465,16.09420636890924,0.08344074776674494,11.694993627546134,1.8030001635078754,50.073384861280026,0.03921521787235447,1424.519755742183,2.6020611989826254,92.42177023926382,160.34119941466943,45.51112587847928,78.62904238134448,92.65741276222286,281.0348989833334,39.28430131366338,153.2518181274655,23.733210699061033,13.515861655482373,22,112,96,1,20,0,229,48.9,41.9,0.4,8.7,0,Mamdani,22,865.9542803725333,7.963222411009537,11.890856899768725,4.343655998257289,74.82323680921479,37.2850769581973,44933.53441598489,0,37.40606493549421,98.12104216517535,935.0720353021244,0,0,0,2.55422290597041,0.03094271754426728,184.1662735755229,1.3300756543001382,6.979802934825745,27.609030525250244,15.411456120901612,108.58811046026209,289.7037090226793,202.50632239886653,73.36517772691816,36.67656261315106,21.78741460169771,0,29.03552552131026,0,8.83236089454453,16.350565013633982,0.2644481414209123,0.5257466775186922,3.02324759317311,3.697743038589712,21.16273315221177,621.7209930333037,1,2313.429438706069,0,112,96,20,7,16,636.9542803725333,0.7355518585790877,Competitive (45-50%),Medium Turnout (20-30%),SWING - PERSUADE,30.19419614876492,3.486811813641638,46.04604354409249,2.8539564559075075
34023,1242.9892389807385,178.42042351531185,24.80094188059712,768.8427988181024,46.02715933072574,713.1635126277178,7.835901511529309e-7,4.09558352712711,5.556542548941883,3.412986272605925,17.45411224667642,70.37907940796873,17.747529939859188,161.93136689961676,3.7029410945237458,57.374874235638416,61.854340706003214,16.349406657981383,5.662082759918353,1.4042046141114575,13.027575929169092,3.7029410945237458,61.854340706003214,0.06453941980449106,1081.0578720811218,4.4076946002352364e-7,22.867016596976974,23.178254104001585,74.53450390377755,82.4740174881677,67.47496741637899,210.69401336565477,51.9249989887223,82.5998474798963,21.73675844960657,12.443815446220992,23,152,72,0,21,2,247,61.5,29.1,0,8.5,0.8,Mamdani,23,1121.029637444471,41.686520614635256,2.742536714153665,21.156076741198444,31.57508786345501,34.919122585826074,94926.9724179928,0,39.730401698969,79.11796103496101,2057.039027139002,0,0,0,5.4019371229144975,0,98.17355818503594,5.258409056006046,5.720789518161451,88.20366474143951,36.022997651474455,171.04736137829696,77.68071151984547,8.839567647958592,130.19808042023516,67.68827654933914,1.618332254937433,0,52.23653598355075,0,9.622310772741756,55.39016449527482,0.2203331577950675,0.43804212438604806,8.95583971505046,6.365093187917764e-7,50.43816865215686,570.4972126457426,1,2363.8012432956048,0,152,72,21,32.4,80,874.0296374444711,0.7796668422049324,Strong Support (60%+),Medium Turnout (20-30%),HIGH OPPORTUNITY,93.605601864354,8.34996673930404,60.504990021791215,0.9950099782087848
34024,1561.7418120844768,214.00995236180455,24.935111679489665,867.136002713351,27.61225420727289,822.0428025482041,1.9836027452145903,15.49734321265936,0,16.2316014060343,27.004732693060767,132.3591858738905,39.58671608948623,240.47850926735958,1.7680421945301228,52.63628060588408,55.52364648263938,15.299908230181222,8.475100355879505,1.7291419416514953,15.398096369488234,1.7680421945301228,55.52364648263938,0.033589801068361916,1321.2633028171172,4.300233578589898,96.01541250987617,59.40349406322048,69.38031022254393,67.87877078551713,52.65311999244409,214.94433965422286,102.814311146905,132.77407302434125,22.97677505755729,17.830540185967404,24,451,192,0,69,1,713,63.3,26.9,0,9.7,0.1,Mamdani,24,932.6702584280932,66.82776309855358,1.94505667244439,13.099260319900775,13.688051230266282,39.78014718470441,101683.76768749065,0,50.337523109287616,71.85715259248104,2129.2091925835707,0,0,0,3.686474999946799e-6,0,152.21745250377717,26.54543374642816,10.121970342459946,74.02547828609471,2.12697516396939,68.07415791881928,146.48693854499177,93.94534755160645,86.34762835869724,62.61576616577358,20.35800685249266,0,80.555632246942,3.1598357142401135e-6,16.533412214248777,91.8475659730436,0.7644716807006136,1.5198384228602289,17.76056399713788,1.611288194315865,4.253978949218492,88.775907500275,1,2785.2457012108716,0,451,192,69,36.4,259,219.67025842809323,0.23552831929938645,Strong Support (60%+),High Turnout (30%+),OPPOSITION TERRITORY,74.02548197256971,7.936940339164563,62.38108210174937,0.9189178982506264
34025,2850.039165039187,508.7633311985316,189.5093041660856,1701.9417313537697,175.16523611513418,1526.7763967269027,9.851173279473816e-5,0,0,5.282489256007686,31.807671792783825,190.12304896968743,1.6623854909112064e-4,202.7698766937024,6.146064175673379,53.5703654692026,59.71643310138051,24.50045753511658,6.67089250217631,1.116043322595761,7.1146347454111,6.146064175673379,59.71643310138051,0.11472880802365869,2647.2692883454843,3.779397388101045,81.40724424669509,186.93928282520727,260.52253910206065,128.58421588429087,121.0948342421242,489.8385056634361,87.56376438425445,322.4904186091999,24.073229880953676,15.489704232157429,25,393,291,0,61,2,747,52.6,39,0,8.2,0.3,Mamdani,25,1120.2135350985611,NA,NA,NA,NA,39.85952235217355,93631.4848181766,0,35.194119927481545,30.862886153459208,2360.3240820043184,0,0,0,49.05678006965711,2.820585118234168,155.40979663004617,3.133983464704631,97.18259214459472,78.59618070534546,13.918055015860189,273.16941283746826,125.45428617595772,86.43946404924012,125.04934285781316,53.11672619844127,15.356986660655028,0,84.72816875718277,0,18.027819565700632,48.76444001446195,0.6668371489854171,1.3257321970249858,0,8.002095927991297e-5,1.1841593221318951,679.9388664963374,3,2300.298273425904,0,393,291,61,13.6,102,373.2135350985611,0.3331628510145829,Moderate Support (50-60%),High Turnout (30%+),PROTECT & EXPAND,130.47354589323675,11.647203127371348,53.49416093821141,-0.8941609382114066
34026,346.03337679532143,89.60579328101076,26.831864215731184,170.38087535366088,20.83261481060129,149.38751615880298,0.011376002609295619,0,0.14936838164730862,2.06526664728549,3.927602271784065,9.342796246932737,0.05633377921178459,43.6407802268053,6.020406182645141,43.171418185814375,49.23827780186681,33.64925620039675,2.6999696773352,1.1350356743497723,12.611725675416219,6.020406182645141,49.23827780186681,0.13945351891690638,302.3925965685161,0.02816037487422155,12.166555090746362,21.917709063454986,24.43002849287148,16.977219678998555,20.65964036315988,42.37323743293127,4.799129197438186,14.72243633084371,16.96325493770376,6.455702206273657,26,48,37,0,7,0,92,52.2,40.2,0,7.6,0,Mamdani,26,180.40671178612564,NA,NA,NA,NA,6.712764853186016,13255.20975444824,0,6.158026218296836,6.892259312110738,398.138333398701,0,0,0,13.91833934485222,0.8053089026634427,17.605828136527872,2.1766973583429357,9.726000314345974,9.434371618080409,1.2028485423076445,35.63030631432689,26.19544000555639,30.65872007331693,21.913584271849825,14.059428231416785,0.3291243321026698,0,41.04587930428253,2.6843630088781425,2.002808806487924,18.33220366582486,0.5099588540201715,1.013844044173506,0.6421954383687898,0.00363175743648942,0.20538067560434037,700.6704965284187,1,2209.79683459089,0,48,37,7,12,11,88.40671178612564,0.4900411459798285,Moderate Support (50-60%),High Turnout (30%+),PROTECT & EXPAND,24.15801986559607,13.390865354408598,54.01725960632258,-1.8172596063225797
34027,925.9653807429828,250.0025921650917,66.99809937172444,454.2967651264154,46.42287679193489,407.87387431883405,2.3359410843693922e-6,0,1.1679705421846963e-5,0.00640785161589611,2.827492165874698e-4,0.020358219845446217,2.7252645984309578e-6,154.64063507243202,5.013457064095179,44.04850146682171,49.06196004454222,34.23461590782787,0.002198594058571719,3.053561423220762e-5,16.700476960418364,5.013457064095179,49.06196004454222,0.11381674511382465,771.3247456705508,0,40.2481694821945,26.851135596268236,32.084729982499525,20.110427744098857,33.983496293315746,60.31679520973065,10.528346885483845,23.464431525476915,10.175043039497817,4.407064417647998,27,229,252,1,67,1,550,41.6,45.8,0.2,12.2,0.2,Cuomo,27,1351.6339491085294,78.82857720802332,4.967697286855124,2.4594804308206544,13.74416806180617,41.519393559396946,67671.83351777548,0,49.47934182440424,59.77036788470449,2066.618052901197,0,0,0,30.660838218748363,4.106360331974984,23.018695437467844,6.311170130288927,4.106724423398504,12.319761688586311,0,0.01319901962494844,67.34532906643007,100.19667013648684,2.4679579442696915e-4,50.93846702494936,4.525994824095491e-4,0,144.3793742763975,13.72961482481456,1.1681082556019005e-5,71.51791212563181,0.4069149050027581,0.8089834104658096,6.648420085606918e-4,0.00631286706754956,0,742.3207248461227,1,2289.1768918288462,0,229,252,67,-4.199999999999996,-23,801.6339491085294,0.5930850949972419,Opposition (< 45%),High Turnout (30%+),UPHILL PERSUASION,47.08696023930966,3.483706536844971,51.04511196105349,-9.445111961053492
34028,704.1945872532351,112.61622902416718,6.615467757195194,471.71157989378753,11.423693770940524,460.287886122847,0,0,0,0,27.00594264556098,63.30394306377607,8.99684223011229,13.944582638635865,1.622235384611449,65.36373531614821,66.98597070075967,16.931640620305636,8.989552633555158,3.8350113923624045,1.9802172426555815,1.622235384611449,66.98597070075967,0.024818584445413006,690.2500046145992,1.3841295738634292,0.010020370895674938,50.99856825664721,17.10974683206816,83.17264366912109,22.203112216144092,67.6690161661436,20.118439079975687,61.645409486923384,17.733944956091914,11.845541183668933,28,140,90,2,21,2,255,54.9,35.3,0.8,8.2,0.8,Mamdani,28,2219.8034624534553,1.5729113741000558,0.6741048746143096,12.71108370083406,85.04190005045157,38.28856188426226,55670.637502867736,0,13.730071495859072,96.12236973242864,1701.795535410254,0,0,0,24.915590541074167,0,54.95877084138652,22.147191592065926,55.367978980164814,82.91249884246851,0,89.62311098214342,25.64160643727131,412.7041902174289,111.95149481282051,233.7108469186144,0.7198493218434915,0,6.574947503894572,0,0,19.37879264305769,0.1148750348006752,0.22838189579169849,0,0,0,1093.6269128887716,0,1327.179289803348,0,140,90,21,19.6,50,1964.8034624534553,0.8851249651993248,Moderate Support (50-60%),Low Turnout (<20%),OPPOSITION TERRITORY,107.82808938354268,4.857551184480307,46.45726535534409,8.442734644655907
34029,761.1093071693012,272.54411482051216,59.685492396487774,232.11494242254494,43.037532220209506,185.5068875856029,0,0,3.570522616732541,33.61882600955302,17.114350038821883,52.387750327106744,11.32227295231482,82.3215582019599,5.654579679267571,24.373225479995178,30.496926031008748,43.65070878618211,6.8830784006499615,2.248606064544546,10.81599678607639,5.654579679267571,30.496926031008748,0.23199964583713725,678.7877489673414,4.250119701168898,13.408156142341458,55.61840708852779,47.71926124389822,80.66530820011947,12.763489803541413,90.04399790173656,35.0211579221059,55.221824097034066,20.63567878526288,13.294727572268226,29,213,181,1,29,1,425,50.1,42.6,0.2,6.8,0.2,Mamdani,29,1144.9265028603531,14.47001345814584,5.017150608249072,44.4895605090513,34.996243294388115,48.27843215364255,45540.08476362226,0,23.431624195123465,53.2735415494033,1090.4993796768074,0,0,0,109.02299029341056,8.518519944673548e-4,212.85447430767283,12.07166812301473,74.25974800991898,348.04044987844816,0,163.9342929205922,120.01535737526106,53.06705718807593,97.64152560830536,76.09104820675105,19.270947593963378,0,46.16347432621174,0,7.959445776250992,6.928647298090237,0.371202866680288,0.737984667972949,3.1661579926120687,7.121745343186946,0,1446.7350228148164,0,1456.4731623078223,0,213,181,29,7.5,32,719.9265028603531,0.628797133319712,Moderate Support (50-60%),High Turnout (30%+),PROTECT & EXPAND,457.0642920238532,39.92084128387072,61.97625238516122,-11.876252385161216
34030,1191.1934885996156,369.35378918441694,37.91517238219497,474.46954125682817,101.79869810061226,361.39161512900546,0,0,11.279228027210515,95.24257247270859,11.335518931153747,97.88344904818095,1.5465313611258191,103.44691396300628,8.545941450728401,30.33861573184577,39.83144181006408,34.18999226107282,8.217258571758494,0.9516102161102263,8.684308212985615,8.545941450728401,39.83144181006408,0.2816852794558427,1087.7465746366092,2.0194075240033413,7.292780140301016,98.69351258969343,95.22076732578954,54.15931123234793,50.614241317534585,213.9793091541809,15.822828853181381,88.13599682523478,20.590001597692474,9.557265276900218,30,221,176,0,37,1,435,50.8,40.5,0,8.5,0.2,Mamdani,30,1125.3526600912776,NA,NA,NA,NA,41.47237440942118,95884.28552986484,0,25.379833205569316,53.64726129500357,1636.5882754983288,0,0,0,173.37598592110385,0.1506948002856223,243.30625538342488,39.71265882188318,79.04628532795137,255.5221190100796,0.11953636435684883,80.47938248320106,84.46574008467968,55.745889450930555,152.71476603786763,173.86084779340987,4.2881381970180374,0,111.201743373886,6.138344012913521e-4,2.043741449679545,24.400214143093613,0.3865454940718024,0.768487190441644,10.001955331921067,0.9727836553934142,0.02109497871722795,1256.8372205123444,0,1377.6408614244567,0,221,176,37,10.299999999999995,45,690.3526600912776,0.6134545059281976,Moderate Support (50-60%),High Turnout (30%+),PROTECT & EXPAND,429.0487997314691,38.12571960301483,61.43771588090445,-10.637715880904452
34031,1099.0158951199955,382.21183954465863,105.46922953145281,378.52774191775217,72.24887373968764,306.2784781695435,0,0,3.9000852101235377e-4,15.982217798773302,24.143765392267277,58.63567070749943,16.032263900179064,118.01316632741285,6.5739607643981515,27.868430250146897,34.44242650161331,44.37434173987668,5.335288685801703,2.1968531573996164,10.73807638737815,6.5739607643981515,34.44242650161331,0.23589275410887198,981.0027287925827,4.724645422718138,21.217944787165997,69.78734667517294,68.41075012393779,131.89024371443512,18.383386465664373,131.88073783468462,42.65599646487508,81.7525373726981,20.66155668051474,12.681772454465554,31,405,199,2,42,2,650,62.3,30.6,0.3,6.5,0.3,Mamdani,31,1772.1767544378436,8.784309530632497,1.4302802720257162,39.554655591423355,46.37302280774677,39.25360382396571,87292.37957476445,0,18.58626739860215,61.511616169173166,2313.504039793299,0,0,0,136.31027404389923,13.051417389973016,325.43732894429104,0.00129918618280547,93.9217308009002,486.7276356619706,0,271.4779184775798,128.25596540805083,72.61834512484782,200.1704581082676,153.89859414569702,39.286733858065944,0,14.652555779580611,0,11.73588213982091,34.903350958739566,0.3667805699246902,0.7291927444836606,3.4583973528114545e-4,8.88510861433859,0,1221.5419400474675,0,1556.8004776599885,0,405,199,42,31.699999999999996,206,1122.1767544378436,0.6332194300753098,Strong Support (60%+),High Turnout (30%+),OPPOSITION TERRITORY,636.0893270958429,35.89310860234245,60.767932580702734,1.5320674192972632
34032,731.1359805766836,237.8864782250697,45.696129872085436,346.4986116571392,74.83341134489788,271.6647093463527,0,0,4.9096588862422e-4,12.903797530937739,4.7618294677346,26.913551672915613,1.4284310085071104,55.047151142294005,10.235224819037496,37.1565230768806,47.39181504702291,38.786575360917034,3.6810596643988918,0.6512919065997418,7.528989490966587,10.235224819037496,47.39181504702291,0.27546239452652177,676.0888294343894,6.546211848322934e-5,8.779772969528532,26.979730929545035,32.919111181654664,50.41558733893587,27.036985050462864,120.2163268701139,14.468881600823648,59.13241382930205,19.457256213178947,10.886335082876606,32,204,144,1,35,0,384,53.1,37.5,0.3,9.1,0,Mamdani,32,1489.8260241335508,12.518034960243812,0.250432844266898,27.990641580782793,52.54121251469513,43.80020972153484,65447.717106916134,0,24.205166202466383,48.60643366145573,2269.0812455886276,0,0,0,134.09534750829602,9.767196421996765,186.83943566903855,3.1594109250025606,34.52785824778216,127.41089462430024,0,269.6538438877958,30.022093884524693,35.430843116012255,377.5466619671222,176.17979378477585,22.647016047590025,0,26.667994839167775,0,1.3525061372426583,38.07559950442139,0.25774821608672444,0.512426623669397,7.017469322922585,0,0,1088.7293514821774,0,768.4058391860032,1,204,144,35,15.6,60,1105.8260241335508,0.7422517839132756,Moderate Support (50-60%),Medium Turnout (20-30%),PROTECT & EXPAND,271.27343855459304,18.208397098739063,55.46251912962172,-2.3625191296217167
34033,823.3109513540401,285.16572449042377,26.945562371823556,363.7536531310025,151.93451652377004,211.81873312067154,1.2200231972999372e-9,4.034853408917333e-4,0,42.66104384907718,1.2911909115726627e-4,64.36691184236591,9.760185578399497e-10,40.41792654927995,18.45408666967132,25.727671030284313,44.18180670775278,37.90928401340228,7.818056074258006,1.568290704076187e-5,4.909193359180696,18.45408666967132,44.18180670775278,0.7172855501747057,782.8930248047601,0,1.3422221592538565e-4,56.88139150744999,59.876471693041374,2.99621393534449,64.36620766008764,190.10882299447857,4.3626862177583673e-4,57.63197955702827,20.396712350505002,7.361467531278946,33,127,108,1,20,1,257,49.4,42,0.4,7.8,0.4,Mamdani,33,1188.6619175966596,10.918342316876393,18.905106780864983,28.859270395231228,40.54722304661683,39.7704805155549,22387.601940906647,0,15.72627805710316,39.15749760144222,2130.126414397691,0,0,0,1.7969062434905707,0.44913084655875624,27.631959095254132,4.715874005737889,58.613012911732426,121.49198501355389,2.439458661446826e-9,22.01032134489526,5.166222584866441,56.14824396959959,58.168529908972026,107.12795179925702,4.941787590279623,0,1.5138473982867e-4,0,2.2456542248655404,6.7369631813239534,0.21620950094844885,0.429843923881828,2.9795725713102626e-7,3.903465218799397e-9,6.709080844811464e-9,450.5798892428816,1,602.3807577147694,1,127,108,20,7.399999999999999,19,931.6619175966596,0.7837904990515512,Competitive (45-50%),Medium Turnout (20-30%),SWING - PERSUADE,123.7380221036032,10.409858368625752,63.122957510587725,-13.722957510587726
34034,1186.7365546643084,379.5872049994342,69.68694647453442,573.0737602519225,71.12710359776013,482.2722907341628,2.1500696376780026,17.52429628232156,0,15.306459035454875,12.272990687144707,32.63617959961781,1.720055710142402,102.45295790605762,5.993504061049153,40.63852999544477,48.28988860244788,37.85795168339232,2.750077889768011,1.0341798808596034,8.633167782974246,5.993504061049153,48.28988860244788,0.1474832889309966,1084.283596758251,0,4.8764572525229974,12.524502288233156,48.80445010505175,75.60736949307923,17.51747981564701,215.45552870506359,18.927156380260875,96.96514326985648,18.656886319824164,10.688375255017014,34,251,156,3,38,2,450,55.8,34.7,0.7,8.4,0.4,Mamdani,34,1054.320794169075,15.87690981666116,1.967724540643752,18.148911378646847,61.93214759978683,45.302015282731034,71468.55697142788,0,23.143601152169612,42.40023718590142,2318.986056487496,0,0,0,33.46212954931257,2.7949175516934748,307.38847284153485,0.00469403847219955,58.78148097934647,94.11281723209582,4.299221018491757,151.88970167157342,57.75446941232207,334.88362800874916,269.334260542907,413.1102077403496,56.43204530824075,0,15.116541941892528,0,0.00211944836916436,4.091537056507601,0.4268150666179844,0.8485467206674779,2.150273493526339,6.879150199795183,11.823539405897971,687.7432349619752,1,310.68405979355134,1,251,156,38,21.09999999999999,95,604.320794169075,0.5731849333820156,Moderate Support (50-60%),High Turnout (30%+),OPPOSITION TERRITORY,130.36986433310187,12.365293851180104,48.709588155354034,7.090411844645963
34035,2951.4059244705622,783.1407869466809,208.48661408327376,1567.7972635290473,355.65311247690687,1187.9860742267113,15.158081042650828,8.999995782778115,0,30.4223716541792,51.834462472157014,134.63058880111384,17.54137675611997,157.5524602279904,12.05029472659562,40.25153112206407,53.12035360945094,33.59847565555855,4.561574796772984,1.7562634147471712,5.338217251707013,12.05029472659562,53.12035360945094,0.299374816079734,2793.8534642425716,45.00227217447786,70.52646108547899,125.40121664218097,119.60732170317219,214.13885219564384,13.19513515528409,718.7488652189019,41.03300497766493,157.94621639213722,19.19178520177245,7.1220349927603115,35,179,110,1,22,0,312,57.4,35.3,0.3,7.1,0,Mamdani,35,875.17234902635,2.9185956100050703,6.4292308575277755,8.508557293723692,75.2300911199057,39.90018984889737,95821.25604215491,0,20.131649704042292,57.60590581138591,1814.883900514964,0,0,0,24.986154079884205,4.105015569146976,68.86390074217455,0.03639771809229929,64.50845901633629,4.873808688040829,6.315273415561594,167.16603717767356,66.6068224630696,301.3780270153558,176.3231845149488,235.2385762158264,70.63428898051832,0,17.0618629644011,0,1.8189798695571744,6.031379836209184,0.3565012084158136,0.7087564497482648,3.157588691355438,10.1042838123374,17.36678350921313,1091.4812811582617,0,558.9948083098739,1,179,110,22,22.1,69,563.17234902635,0.6434987915841863,Moderate Support (50-60%),High Turnout (30%+),OPPOSITION TERRITORY,33.96497833707201,3.8809473785202258,46.164284213556066,11.235715786443931
34036,1047.1530358751795,302.55336341787734,85.4088320954199,478.07478123842566,80.22441042782,397.8361320254626,0.014238785143042,0,0,12.16115971703032,13.932123549189903,47.05766834440056,4.183022169771843,103.78208534306405,7.661192555371891,37.99216718050795,45.65471949750543,37.0492356152174,4.493867346244301,1.330476355592652,9.910880433663266,7.661192555371891,45.65471949750543,0.20165189627041072,943.3709505321153,0,14.441720665152058,64.58148196924247,79.8583884562655,105.3991738462382,28.757973407035855,164.79382991949288,7.524773081196264,82.67155214578634,20.651215040731067,9.56106663832575,36,394,191,1,58,2,646,61,29.6,0.2,9,0.3,Mamdani,36,1400.062482834412,10.679055154883258,6.262704862782896,34.96609779495841,44.786601917665216,44.683751135251775,90813.0172088514,0,24.97651069369052,40.01936005151611,2164.8011652762634,0,0,0,142.80825576215824,28.549425812222285,315.25262977037625,0.01172819325756768,46.55285340636154,265.650533364266,0.00179527646123038,189.2837106840231,11.881970251721956,39.96484476764235,277.9751092973392,244.1894354692232,33.366314393553196,0,0.00329150683923955,0,3.951210840397027,76.41287256696731,0.4614079785154871,0.9173205392244448,1.940717713618692e-4,0,0,1090.589755109531,0,984.368223765122,0,394,191,58,31.4,203,754.0624828344121,0.5385920214845129,Strong Support (60%+),High Turnout (30%+),OPPOSITION TERRITORY,437.0082149386465,31.213479419427618,59.36404382582828,1.6359561741717172
34037,2388.542337234084,673.7712706128627,121.44746533560713,1043.0967448222254,70.64845992188742,972.448284900338,0,0,0,20.300828704632142,4.971489614957911,202.64672419100597,1.4914468844873734,320.81636706830517,2.957806475546834,40.71304367275427,43.6708501483011,33.29305591749853,8.484116903938556,0.20813906194833723,13.43147082081067,2.957806475546834,43.6708501483011,0.07265009463112775,2067.7259701657786,32.983921516566525,8.135744255144374,130.98194805806816,142.4476632738976,222.52746780059994,42.258820614250254,395.6650983552722,60.623201975276295,221.4039575087737,22.85751097255028,13.639484320131581,37,168,114,4,25,0,311,54,36.7,1.3,8,0,Mamdani,37,1125.982141384032,16.14926865565063,0.1708454167384925,43.89001286676414,36.4441351082381,50.98400696594562,79412.06101043685,0,29.663246623686803,41.046435571002114,1969.09921913005,0,0,0,119.3612825627431,38.158645538236215,211.28215778213072,0,32.71825798656832,149.88863553566344,0,72.41281354279614,27.40867147677621,29.0241686077854,151.98383805643485,159.8189965509062,11.924620357713858,0,28.917489850922617,0,1.4121260949924306,30.74822249866121,0.2762033149280021,0.5491170191735854,0,0,0,1084.9013864498145,0,1345.7518422882165,0,168,114,25,17.299999999999997,54,814.982141384032,0.7237966850719979,Moderate Support (50-60%),Medium Turnout (20-30%),PROTECT & EXPAND,307.4085636366427,27.301371161960255,58.19041134858808,-4.1904113485880785
34038,4883.772887105124,654.9961831634716,107.19622573313413,2278.9784585909424,85.98936209780857,2177.675397263946,15.313699229187845,0,0,120.51220159355054,59.302039490931854,350.00516512851004,34.32037760947766,1278.4622357951057,1.7607158253581097,44.59002184589242,46.66430055763334,15.606630908432729,7.166696183859136,1.2142669379141293,26.177757757136803,1.7607158253581097,46.66430055763334,0.039486767497968936,3605.3106513100183,0,77.2343649439115,176.80955431559477,167.84469153213652,487.79453553133334,94.65712803020124,512.729283043732,312.182594816481,362.1411759090027,23.759623173082343,18.70362462331679,38,190,82,2,22,1,297,64,27.6,0.7,7.4,0.3,Mamdani,38,1524.762103737884,28.05594098329072,1.6110101317205712,37.33291328568625,28.96670403516706,41.401917584736985,66205.8214046641,0,23.303803566228577,79.73247005038597,1662.638866314826,0,0,0,180.7187064701738,15.1249710835057,60.1108106704025,28.35764308231139,20.21678557656468,92.1148823155424,3.1248816015082346,69.4753675642932,32.726578840161146,26.77813477722376,79.47623416618238,131.68610766855846,15.260455612006275,0,10.80486053477834,0,1.2246094065258817,34.05198108497784,0.19478448426277004,0.3872490647243591,0,0,0,684.9609252010779,1,761.7379396767478,1,190,82,22,36.4,108,1227.762103737884,0.8052155157372299,Strong Support (60%+),Low Turnout (<20%),HIGH OPPORTUNITY,287.9585598692219,18.88547460376309,55.665642381128926,8.334357618871074
34039,6199.117443659199,1036.0573801708706,175.05480085054222,3444.4098129600957,238.9403312617951,3112.799102267142,92.67037943115848,0,0,71.20652732111088,81.1708817716607,366.67977535144905,97.16781539325835,927.370449840211,3.854424979578287,50.21358492652991,55.562906240520235,19.536848463166407,5.915031916785339,1.3093941598845942,14.959717383460395,3.854424979578287,55.562906240520235,0.0767606014431731,5271.746993818988,27.995717133972928,113.45502877501852,211.1242545545691,229.97203080897026,349.8079141743059,287.5454917523041,686.839974636392,164.91931927476782,776.2829246169904,22.543189917484575,17.853706655408498,39,415,193,1,37,2,648,64,29.8,0.2,5.7,0.3,Mamdani,39,1364.5983637307947,18.54822997828467,1.2245174052958585,21.763045406207407,56.08107917334217,40.14565486924297,104416.34210300785,0,31.538095263336885,53.65045846938989,1466.167624713317,0,0,0,175.75375102206584,7.580276870623844,194.10864546679272,58.5364031314665,62.59926464492156,132.70498865281832,3.0087621446102046,354.5819470247754,151.54604867039353,70.74510923830782,615.4897605119648,384.3357383713117,15.91123365262705,0,53.65657466192485,0,2.8385375377061736e-4,94.88699299874784,0.4748649985394795,0.9440743047411988,8.658802765132206,0,0,1177.8026486849562,0,766.4247765613013,1,415,193,37,34.2,222,716.5983637307947,0.5251350014605205,Strong Support (60%+),High Turnout (30%+),OPPOSITION TERRITORY,316.039016545508,23.159856038626728,56.94795681158802,7.052043188411979
34040,4368.948960576361,865.5015774778676,166.88210478715598,2427.364088042244,158.38428775427158,2250.5989559902728,18.379788055276656,0.001056242422955564,0,10.814761565214104,50.803069439639266,234.7881266768179,71.54316155928908,541.2520710281328,3.6252263229318475,51.51350991505676,55.55945171128804,23.630023870290977,5.374018529295068,1.162821307780561,12.388610531095097,3.6252263229318475,55.55945171128804,0.07037428295819227,3827.696889548228,43.25236756761018,69.71264724502956,66.96990549084417,84.1009857199021,208.78843297879,115.50098426134757,609.7884758859755,123.8190959394963,440.69318013413704,19.528349663892232,14.748092452541641,40,182,138,2,39,1,362,50.3,38.1,0.6,10.8,0.3,Mamdani,40,1299.8077958174808,9.3519911749146,0.31992752688983395,21.677723239635263,66.51783726724274,37.38809103451876,90675.09339470844,0,22.705540710156317,52.682927558469856,2200.254883105094,0,0,0,52.53075386087049,34.835666714069795,405.6397717307042,60.52282357194679,89.326582460536315,64.13796489172287,2.010040759122121,276.0071043072454,129.7545873458095,158.03266807286715,556.4965827989326,662.6117010778526,10.591111897795882,0,26.057974884890363,0,3.1668787921881636,69.05516637754407,0.27850271491280704,0.5536884330462718,4.323320691704043,0,0,1301.761911451543,0,410.6897914848889,1,182,138,39,12.199999999999996,44,937.8077958174808,0.721497285087193,Moderate Support (50-60%),Medium Turnout (20-30%),PROTECT & EXPAND,151.50438546666317,11.655906815928764,53.49677204477863,-3.1967720447786334
34041,1870.5539813168896,298.20420857661003,196.84247024137312,857.5733734381173,20.467017465771505,837.1059288934806,3.5751075419098095e-4,6.956811099405173e-5,0,44.823361142479456,104.75025157070655,222.6616170964733,9.25975677000472,127.6692057265307,1.0941687687282091,44.75176537295915,45.84595697336554,26.465244187685247,11.903511971342159,5.599958761786777,6.825208307361986,1.0941687687282091,45.84595697336554,0.024449734208459865,1742.8847755903587,33.132004429954144,70.64736166478508,233.37553761824,74.06394263448495,54.08991228554169,213.88856769512557,315.72527862847807,97.93105564842857,137.8893836123613,24.173084692697056,13.530466417718957,41,391,254,2,56,2,705,55.5,36,0.3,7.9,0.3,Mamdani,41,2057.8359606868153,21.320099192037603,2.2964839329699274,16.173754048559662,58.25681802542238,44.804835777839365,83614.79315918514,0,26.185525671691657,72.34892980331642,1693.1499862276055,0,0,0,0.00910333883004029,0.00291109856318666,66.75708572434247,9.25941260434469,24.850802376904348,3.914897033709304,175.38316198973587,939.3055891528396,63.82855499991742,21.451143922082625,528.6116339592658,507.65775628650977,2.205794464406887e-4,0,10.717868882192224,0,25.82045296052885,11.207997635148708,0.34259290510440005,0.6811054924883334,4.384766502949736,7.795140449688419,195.8529037984215,921.1541729469742,0,821.8261846091278,0,391,254,56,19.5,137,1352.8359606868153,0.6574070948955999,Moderate Support (50-60%),High Turnout (30%+),OPPOSITION TERRITORY,3.9269114711025312,0.1908272353152921,58.05724817059459,-2.5572481705945904
34042,1129.6803176428562,211.0934247456746,113.09984796555733,548.6132359809442,20.366169754047235,528.247066226897,0,0,0,18.289443699481467,42.74163473248387,100.58855267952902,3.859093875935323,87.81671454378659,1.8028259354418457,46.76075682447184,48.56358275991368,28.697788891965484,8.90416085936709,3.783515926139775,7.773589853014459,1.8028259354418457,48.56358275991368,0.03855425056975024,1041.8636030990697,18.32494091698249,33.87409849179756,95.55953867182157,62.85555023921658,51.10355147844702,92.61724766818104,156.51842399208786,42.7051193421755,74.45953876974089,20.601840363734752,11.24568108180427,42,268,194,1,37,1,501,53.5,38.7,0.2,7.4,0.2,Mamdani,42,2373.0010207140813,8.98401775415892,1.312905011739574,13.63892502237651,72.92719546773111,41.14098002373953,80008.58067046008,0,21.907952568502708,84.9059244101405,1874.721719204977,0,0,0,38.28264237440623,5.518705125833957,81.30280742812623,5.837071816256046,27.133748156573404,72.31879324029023,71.56457643417522,511.268462788386,53.488226071353424,70.89169878182295,297.94127017547277,239.03285279453348,0.07818233493701565,0,4.373390782088486,0,10.599186436647033,8.86395732312582,0.21112506721520055,0.4197356125586468,1.789143141311614,3.180698917887314,79.91506031191878,846.1105853002963,0,894.3519208043748,0,268,194,37,14.799999999999995,74,1872.0010207140813,0.7888749327847995,Moderate Support (50-60%),Medium Turnout (20-30%),OPPOSITION TERRITORY,116.12014074053042,4.893387728319968,59.46801631849599,-5.968016318495991
34043,1202.8825410666125,198.53562798871792,208.8537796602073,521.7217921283695,12.020303252016367,509.7014888763532,0,0,0,7.082722551400233e-6,2.0865564154862282e-5,158.0508832904541,10.607195309389153,105.11323335543773,0.9992915219600577,42.37333833313383,43.37262985509389,33.867762956114355,13.139344690322648,1.734630227184152e-6,8.738445339994076,0.9992915219600577,43.37262985509389,0.023583025583298486,1097.7693077111749,4.808108440193293,58.154480231642495,43.39311325647999,79.53321012406309,76.40930065260251,184.75389839251167,79.37495181910563,2.747505895701571,62.69819626440606,17.172586470371897,5.961699029148528,43,288,181,2,38,0,509,56.6,35.6,0.4,7.5,0,Mamdani,43,1612.005817160049,3.2041567672041893,0.29508213488042756,23.645043242421536,69.94867507371026,40.926308815206475,68617.72086062757,0,19.095384010448942,75.53346331974818,1627.842943545504,0,0,0,38.294186154255726,52.882490038034234,273.6728899154592,2.0606748597092115,17.000577077183696,70.74982330809995,2.772234803545522e-5,472.4910423183191,333.6343293861337,62.163682213424934,239.67398291217495,247.6636730120456,10.124716540181732,0,3.3339595318656495e-6,0,8.196206464934404,4.293075036955454,0.3157556843664067,0.6277506851487045,6.928589472807461e-7,1.2317492396102152e-6,3.279636406814006e-5,782.6037020303868,1,1003.9391119515544,0,288,181,38,21,107,1103.005817160049,0.6842443156335933,Moderate Support (50-60%),High Turnout (30%+),OPPOSITION TERRITORY,161.92649950038992,10.04503195811439,53.013509587434314,3.586490412565688
34044,1372.3734743497894,270.4765332686063,104.02333884594614,792.5982815127451,96.58976805848239,696.0085134542626,0,0,0,0,19.722941536529333,93.77331806954335,15.339365821612178,76.43969529480695,7.0381546906715915,50.715678090763255,57.753832781434845,27.288480804540836,6.832929943794767,1.4371409754821862,5.569890173738819,7.0381546906715915,57.753832781434845,0.13877670486975974,1295.9337790549823,5.408607618829293,4.644719408840304,88.95194220784211,76.79505963332868,151.11461085248465,39.91728952755748,236.96343781993835,16.789045494381654,100.7166141839363,20.004996651712972,9.067258032582895,44,286,211,5,38,1,541,52.9,39,0.9,7,0.2,Mamdani,44,2136.624423907394,6.209899152475074,13.731794920947092,26.02833401703719,52.814450273691634,42.625240520001725,68286.65736765186,0,14.291309885073536,67.06621905796015,1199.7641987214506,0,0,0,59.53443450852845,5.160886590027317,179.8577023815729,11.534795209556744,74.2075262473038,174.80237139542888,0,398.84851347892806,42.10453318928391,298.2622627308083,483.3785348323992,210.01712339612928,0.29606654344919436,0,5.927862539815518,0,6.232650989088207,19.599106689599587,0.2532031338529004,0.5033905916116831,0,0,3.506029330025248,1089.970788051745,0,910.0405471888996,0,286,211,38,13.9,75,1595.624423907394,0.7467968661470996,Moderate Support (50-60%),Medium Turnout (20-30%),PROTECT & EXPAND,239.49769249398463,11.209161975973227,48.36274859279197,4.537251407208032
34045,1369.6370463938333,247.13688654013558,119.50899668832471,719.0141076441973,126.25742844350673,592.7566792006907,0,0,0,0,16.523091233756084,169.31603457293258,18.068428215530545,80.0695014989564,9.218312893619112,43.27837661527782,52.496689508896935,26.769565279634882,12.362109729634641,1.206384660612118,5.846037949234381,9.218312893619112,52.496689508896935,0.213000431498739,1289.5675448948768,1.73829213754382e-4,2.455869850096821,137.00925589417352,95.21117922729493,166.27158249397345,55.43380694867164,329.91924592647064,20.129618597319617,101.09720453642402,24.715141114649775,9.400579567441412,45,139,68,1,25,0,233,59.7,29.2,0.4,10.7,0,Mamdani,45,2468.405083102336,2.1505588855964204,1.3433626000411385,19.027271585260618,76.56233961813967,35.392293338070864,47290.30853645385,0,5.743666612524586,89.3236280010952,1675.749372378641,0,0,0,16.52625415564313,0.06281880355367121,231.04522337777203,7.231726650730093e-4,52.63557210138152,156.89633936233034,0,451.2863409370941,17.96673448945742,144.29761259818028,764.4387205554387,156.0336795133124,6.6191765024001175,0,4.896331683105499,0,9.80303036590636,11.017002295364888,0.0943929347719384,0.1876616397110394,0,0,5.508075862766377,848.2715958022276,0,1176.203911400093,0,139,68,25,30.500000000000004,71,2235.405083102336,0.9056070652280616,Moderate Support (50-60%),Low Turnout (<20%),MEDIUM OPPORTUNITY,173.48541232152715,7.028239145557404,52.108471743667224,7.591528256332779
34046,1216.2035157966711,213.21476760771014,70.60161933286645,738.1055833759931,83.70898058158703,654.3965109666515,9.182775455118664e-5,0,0,6.519770573134251e-4,28.742724646432784,103.82441232311015,17.810434305416745,43.903322228084505,6.882810277583654,53.806497224108966,60.689315052053516,23.336257727775386,8.53676304784403,2.363315372230686,3.609866412803925,6.882810277583654,60.689315052053516,0.12791782837890603,1172.3001935685866,1.0800784084652724,7.346220364094931e-5,102.78661173792511,48.160863653916984,146.3693622282106,42.15304221887631,222.3674921228882,20.781744266293693,101.09948043053919,21.37192607574083,10.39675889891441,46,342,295,2,52,2,693,49.4,42.6,0.3,7.5,0.3,Mamdani,46,1284.4745583598965,16.200954626641185,32.17203359959202,21.901363025338856,26.96452283537715,49.183049848633225,91955.44363933458,0,26.770789675491574,9.028228460754423,0.02256237230023735,0,0,0,29.31542349360246,1.1936675328917196e-4,140.30973214700964,17.280232902536056,74.65326111319894,128.89770202584106,1.836411589064184e-4,290.37616797818345,25.649716709166967,377.8043146297443,419.6626315814653,257.2298197842084,0.5400072782042518,0,8.056323817231428,0,5.851517686323979,21.703335645934487,0.5395202228721985,1.072614702849153,9.181343856953888e-5,2.938030034225244e-4,3.292323980471544,1380.7897547859798,0,754.1525831471021,1,342,295,52,6.799999999999997,47,591.4745583598965,0.4604797771278015,Competitive (45-50%),High Turnout (30%+),SWING - PERSUADE,158.2132448861968,12.317351391390275,48.695205417417085,0.7047945825829132
34047,814.5142372267088,179.7025301397751,31.906183884297675,472.47113111235797,45.51287910816563,422.26533652560187,4.6917507419737,0.0011647366168028434,0,33.31143026801327,14.544807991563298,3.754136662515245,3.753411797577045,75.07060537060924,5.5877327894389826,51.842597369856676,58.00649141763892,25.979744042850218,0.46090497758485865,1.7857033464615735,9.216610580830691,5.5877327894389826,58.00649141763892,0.10778265505439183,739.4436318560996,2.8185684628688473e-5,3.7534277726319947,27.212219818351517,2.3485002457271866,35.657768093696916,13.606312488274154,107.91682303894925,0.0012793388032828765,57.711582433271005,13.875391062471792,7.804903482258345,47,268,286,1,62,2,619,43.3,46.2,0.2,10,0.3,Cuomo,47,1690.52942915202,12.46293741072219,10.506013919991789,24.06060594624839,51.98964540195512,50.00995555711358,76634.98368062453,0,39.977984131367954,14.46557211105401,227.8189522239595,0,0,0,37.06129554957439,6.098503785889637,99.92425862769296,1.207852289995468e-5,39.40668931650297,7.043276299224204,9.38226706089598,168.4136695243037,40.34547776539588,247.2319835667021,180.6159562703078,244.88639051619495,0.00362373953894551,0,25.332124102444443,0,6.076050595432903e-6,8.913185706997476,0.3661574825766235,0.7279539908237186,4.691019288399257,15.011261722877624,25.800609504364616,1103.763603093243,0,359.0746927213424,1,268,286,62,-2.9000000000000057,-18,1071.52942915202,0.6338425174233765,Opposition (< 45%),High Turnout (30%+),UPHILL PERSUASION,50.20307563468823,2.96966587916014,45.890899763748045,-2.590899763748048
34048,1015.937096396064,249.98012870139453,88.65961341386648,553.7518769237307,33.922150894753365,519.8297174517046,6.748722894243979e-6,1.8285498204264663e-6,0,1.643588175412181e-4,0.0016411897833444704,24.23082478387392,0.0019224502313692016,99.31090179206252,3.339001106967038,51.16751020272307,54.50651215396214,33.33274700929338,2.385071366114139,1.6154442919413302e-4,9.775300276400781,3.339001106967038,54.50651215396214,0.06525627480676871,916.6261946040015,13.563648176239516,13.079338100358433,0.011714661390422215,91.07595903046838,80.91146165766793,11.146436479189417,77.05241610958198,7.751761671517595,50.388695303964944,12.811991149444529,6.342875352869468,48,225,125,0,27,2,379,59.4,33,0,7.1,0.5,Mamdani,48,1220.9834880313642,8.132568381258695,2.614113077066055,22.027873553060495,65.60227933933186,44.439636240778505,81639.27031266862,0,23.55471869846585,59.152421546499,1113.0601001358036,0,0,0,108.0227894318988,14.53198217058279,147.75918193849958,5.812813688087091,47.96115302550261,199.58375552082225,4.7446952906942487e-4,353.6527820233176,70.7234931406817,175.3627201781534,228.69645258701857,85.26909586788507,5.6175569824670356e-6,0,5.77842161572941e-4,0,0.0010943242860958,12.111174870748483,0.31040550811303386,0.6171140538067844,1.8138558919039e-5,4.184301448058829e-5,0.00112343161645529,1253.8019132856264,0,545.7068066712753,1,225,125,27,26.4,100,841.9834880313642,0.6895944918869661,Moderate Support (50-60%),High Turnout (30%+),OPPOSITION TERRITORY,322.13852712330385,26.383528547359752,57.915058564207925,1.4849414357920736
34049,1607.0411676606498,235.74816417647202,61.98784936490787,852.0385681135401,26.419690018707843,817.9979586528057,7.620919442026631,0,0,5.589626348690568,12.703757399127067,119.39929984653351,59.95142957147417,259.62228656119066,1.643995844684344,50.90087143464752,53.01908782796412,18.526968663459353,7.429759874810277,0.7905060339941242,16.155297809770467,1.643995844684344,53.01908782796412,0.032297990159070214,1347.4188810994592,15.75060389977421,24.388467261979763,66.05292558111734,10.670949958629663,60.968939258787195,73.67349632102218,163.60300345664734,34.042186953357486,109.23631672998083,16.039439060292484,10.63355321000302,49,386,245,2,41,1,675,57.2,36.3,0.3,6.1,0.1,Mamdani,49,1653.33351959789,16.859572123285325,4.261722356221513e-5,2.450200810530211,72.08788486220325,41.99406139377011,68418.84818512523,0,33.00169120849732,74.59872146932885,1980.7570008987568,0,0,0,0,35.98300877092817,20.3998719084991,55.03303334779415,15.202095782670169,9.236363022657722,0.00372133935761188,32.34736090538362,53.49493014095255,0.00113500946309706,138.5560981292409,272.674725774116,1.8526278911155953e-5,0,2.538812956953936e-4,0,3.2717304793887956,41.37107671346432,0.4082660830369954,0.8116696738610429,9.313719568031474e-5,1.6557723676500398e-4,0.00416012807372072,1082.8277411209094,0,696.6508642749312,1,386,245,41,20.90000000000001,141,978.33351959789,0.5917339169630046,Moderate Support (50-60%),High Turnout (30%+),OPPOSITION TERRITORY,45.21937179358589,2.73504234067569,50.820512702202706,6.379487297797297
34050,407.9498366136096,65.03228591017998,42.92222762691294,187.03504817787396,4.463829255547385,182.57060183068327,6.170916432887631e-4,0,0,9.773678258052534,22.84063208062508,48.55710424680234,2.023238027732658,27.853469426351303,1.0942103305155404,44.7531989095035,45.84756050656899,26.462693166694958,11.90271447339573,5.598882517082273,6.8276702002292415,1.0942103305155404,45.84756050656899,0.024449879722076823,380.09636718725835,7.224963901471787,15.405428280282596,50.88986032195124,16.14793251607756,11.79654603079922,46.641248837863756,68.85074982744787,21.35512993572052,30.072137153515733,24.17155377968209,13.530060144957947,50,63,31,2,16,1,113,55.8,27.4,1.8,14.2,0.9,Mamdani,50,1146.9495946320703,0.7118076812786799,4.4449118266403875,10.898401762819253,81.59145433566732,52.898431674951325,53852.54834090464,0,23.55644367769986,68.59613449180436,1671.8451207500464,0,0,0,0,0.00291418319666765,14.556063886894991,2.0229520805336527,5.419296905409809,0.8506406969883845,38.24517021097569,204.82675188627547,13.921324808564972,4.674409692452584,115.27791393702448,110.72060278404248,0,0,2.337204846226292,0,5.630803873472127,2.446791961628469,0.0985222023085062,0.19587099477124725,0.9560542168564834,1.6996519410781927,42.70375501958959,359.2911066020049,1,931.307487203876,0,63,31,16,28.4,32,1033.9495946320703,0.9014777976914938,Moderate Support (50-60%),Low Turnout (<20%),MEDIUM OPPORTUNITY,0.8535548801850522,0.0744195633513314,60.0223258690054,-4.222325869005402
34051,819.2143004168752,282.1555078118893,65.27959187555086,358.96599295114174,79.77031390146526,246.72267102552516,1.6751441584799666e-7,32.47300785663697,0,9.694503513957026e-4,10.393628069554856,25.170341796149305,2.015049827052963e-4,77.24787730622087,9.737417164333237,30.116987813808294,43.81832601902506,42.41077084599722,3.072497853533663,1.268731278771114,9.429507915927687,9.737417164333237,43.81832601902506,0.32331975642891964,741.9664231106544,0.004382861947010358,1.1298499691365058,0.005048276531691712,71.04483026363471,25.864383239590847,8.202750492258696,199.1786256130448,35.0750618925872,90.17283432909876,24.989049799714692,16.88053425606389,51,268,236,1,54,2,561,47.8,42.1,0.2,9.6,0.4,Mamdani,51,986.6867744447694,28.32516698553812,2.473403065634856,17.774949718838972,48.36667928151826,42.17351056495872,78666.75094307441,0,28.37400511602535,30.6161338930792,1367.5960504434622,0,0,0,30.554779478253224,0.00393836710524983,153.59557324814818,0.00177639623187513,37.589352012938605,168.26920588533315,0.00379243222628902,49.29076175035181,49.15984994532645,275.72310704078234,211.32511669544175,307.10225877634264,100.89463488786012,0,1.2500577421326726,0,5.584021993965922e-4,0.00352451710699279,0.5685694939163314,1.130367265048046,9.4823313539056e-5,1.6857477962498843e-4,0.00423544133807783,1112.049217660765,0,132.53349259662895,1,268,236,54,5.699999999999996,32,425.6867744447694,0.4314305060836686,Competitive (45-50%),High Turnout (30%+),SWING - PERSUADE,198.8279237306916,20.15106808769951,51.04532042630986,-3.24532042630986
34052,2361.156692610424,367.7935842123621,335.9153528985042,1076.1834925030241,79.368333436639,996.8151590663854,0,0,0,19.101785791952278,52.41643363739948,316.9151078811425,25.397722564300594,163.6959072059224,3.361417464797381,42.21723878750022,45.57865625229759,29.803567857788664,13.422027808360767,2.2199472742086184,6.932869288947744,3.361417464797381,45.57865625229759,0.07962191657576234,2197.460785404502,14.118711255198162,87.51170258458399,209.6060322875665,120.09335566726125,155.0092417064972,309.11723185676635,356.67120034210126,48.32860041354944,158.44408575503132,22.342049182544876,9.409618935726249,52,397,219,1,55,0,672,59.1,32.6,0.1,8.2,0,Mamdani,52,2233.548717425142,1.7982428651013878,1.941776599517414,12.12082896438548,80.70315023672471,39.807275519091995,68324.22660081486,0,14.484413487593946,79.45863988674859,1805.314314499484,0,0,0,9.339552022308084,50.845410735611075,365.8473745325449,3.946598016522267,40.22406476937608,69.39090518737792,74.7544669059295,989.657536309215,362.3384652257192,69.16471990783745,737.8595064462909,522.9616254542575,11.742925165753316,0,7.321945658081126,0,25.24162158762195,10.973740945327028,0.30086650663017034,0.5981496613572302,1.868609543170896,3.321972521192704,86.5624734190221,423.31906833109775,1,1291.9020707122952,0,397,219,55,26.5,178,1561.548717425142,0.6991334933698297,Moderate Support (50-60%),High Turnout (30%+),OPPOSITION TERRITORY,129.5758679452971,5.801345049445507,69.74040351483364,-10.640403514833643
34053,1768.9501761658632,201.26073017595743,61.28408523205169,1224.1918658592735,78.69184180265849,1145.5000237693198,2.872954506398001e-7,0,0,8.513866133658906e-4,16.646033994312685,130.89638577224082,0.0015596158377035232,134.66849759515463,4.4485052695616485,64.75592355303927,69.20442883884192,14.84184342472922,7.399664927587396,0.9410120318025221,7.612905067063213,4.4485052695616485,69.20442883884192,0.06869649949348705,1634.2816785707084,6.297237791748946e-4,70.36025721727131,10.598017591460653,16.64790717068768,54.47651510206004,15.909214637751127,292.8045325357033,100.62513063781147,243.61628072912293,22.77583677014489,21.06377473851369,53,5,0,0,0,0,5,100,0,0,0,0,Mamdani,53,809.0254189661078,0.00390504021848126,6.583246587943091e-4,62.03894410489633,37.95614381877338,32.70544766086021,87180.08403914572,0,28.871686177168176,84.26229505581122,2226.7862654036444,0,0,0,35.75258786389942,12.712091664339214,29.25420667203906,1.3382926458451845,31.924067670203428,11.851948040215785,4.6867326698963,56.895170674225874,2.8728327269637264,0.6750371149349484,118.28340041552572,57.84217383482506,0.95636695279022,0,2.035597438299375e-4,0,4.905172691571629e-4,1.911806899815452,0.00618027553001948,0.01228694332506612,8.326527571902613e-5,1.4802715683382423e-4,0.00371918231544983,127.96044372703096,1,1057.4985437657874,0,5,0,0,100,5,804.0254189661078,0.9938197244699806,Strong Support (60%+),Low Turnout (<20%),HIGH OPPORTUNITY,60.31662756845442,7.455467548292353,62.236640264487704,37.763359735512296
34054,4070.2151193026784,529.808850105585,60.07767467977474,3080.4140360873507,511.2904148978746,2569.000657485872,0.12296370360381699,0,0,0.009549696209644937,5.362807693225736,195.9212346542506,18.09349915008391,180.52559881737452,12.561754106634796,63.11707323041936,75.68184839859512,14.492760394600984,4.8135351304924745,0.1317573527697108,4.435283972123388,12.561754106634796,75.68184839859512,0.19902307670027772,3889.689520485304,0.007058471111476692,42.26213768664543,32.422364178588694,37.525185135741346,163.4206258377864,244.18132250702723,769.0373239075237,127.92997841725654,295.39467130613224,18.463436274722547,10.883250385253678,54,197,168,1,36,1,403,48.9,41.7,0.2,8.9,0.2,Mamdani,54,2277.515797381928,2.659498352806594,0.7619282955221287,21.920457011163187,72.56409939300958,39.691570856128934,82695.65858793778,0,19.43482965282886,92.05807042654158,1590.1755682364324,0,0,0,177.91672375677388,4.083178998715835,286.14717494839346,19.725918117759907,28.628311790282982,44.27689262433074,5.772365868969919,236.48530060450744,74.40815647937276,458.9997360265464,1032.242399188622,152.24396365917403,7.741181783207764,0,0.00234527593505353,0,0.0063926433468161,0.6264143232428538,0.17694718098695977,0.3517869023406043,9.341877072669678e-4,0.00166077814625238,0.0417964956657425,369.53703475284067,1,1457.5825226370043,0,197,168,36,7.199999999999996,29,1874.515797381928,0.8230528190130402,Competitive (45-50%),Low Turnout (<20%),SWING - PERSUADE,226.27679537982044,9.9352459218914,57.98057377656742,-9.08057377656742
34055,2191.7721940301276,250.04532574392104,61.0120296413001,1592.730313372428,269.24151995851,1265.1514817123525,58.337311701565845,0,0,0,31.35839907557133,216.6719732955135,10.145552367220603,29.80860053417293,12.284192704509195,57.72276357726993,72.6686066056797,14.19204770607403,9.88569769639733,1.4307325898642316,1.3600227530655125,12.284192704509195,72.6686066056797,0.21281366211901995,2161.9635934959547,10.624566407948933,78.48892956981683,79.31880241376795,29.514691566565002,169.38532954671584,7.379262742298954,379.5452707658984,4.889914597471744e-4,185.54465294564474,16.550908898069704,8.58225099142733,55,87,43,0,11,0,141,61.7,30.5,0,7.8,0,Mamdani,55,2249.860322780219,1.3516166978522115,0.2532159992503536,14.583925987636809,83.07738703391256,30.98280159270726,71832.12126980876,0,11.72332118917994,79.8127215802154,1789.4641574443174,0,0,0,25.35510383482798,0,226.27141573628305,3.0880105050802315e-5,8.685029545538151e-5,36.95899466633249,0,190.9847676716252,35.56719539853171,204.2408942436112,854.3661783892244,91.89830707501926,0.2928198634032396,0,0,0,0,2.3160078788101736e-5,0.06267055717741718,0.12459470139299963,0,0,0,761.5908377181809,1,1919.5709251235849,0,87,43,11,31.200000000000003,44,2108.860322780219,0.9373294428225828,Strong Support (60%+),Low Turnout (<20%),HIGH OPPORTUNITY,62.314098501160466,2.769687427713605,45.830906228314085,15.869093771685918
34056,2624.4290230055044,304.3573131768463,138.63673623970558,1526.9191564886326,56.68961081572872,1467.453013779187,2.7765318937168666,0,0,0,53.367287123663004,438.6177143102474,2.628800334373446,152.4441856909477,2.1600740701612726,55.91513433648341,58.181004062361716,16.879635361951365,16.712881562631896,2.0334818223640365,5.808661021297811,2.1600740701612726,58.181004062361716,0.03863129536920152,2471.9848373145574,9.123247123304775,33.51276769176994,143.611307594999,210.69460626843062,255.75522453146593,77.18268004521006,446.2660090980524,47.04444906898896,202.85157018758684,20.70122263307167,10.109124274728584,56,183,184,0,42,3,412,44.4,44.7,0,10.2,0.7,Cuomo,56,1620.737636031312,0.8143772020080496,3.3421043657280514,13.62872913814709,82.21463513698396,33.11690585776196,81748.73091817532,0,10.791167620507416,75.21889322161977,1828.277636423528,0,0,0,3.183585107479894,0,284.4700193609909,1.6318763092354032,1.3010348859773668,193.90179457980355,0,943.4821814397168,108.8228259119785,537.9185447654191,1719.750498130083,170.26834029746385,50.11261973686015,0,21.087141211624644,0,0,0.4552482807262558,0.25420524015772306,0.5053828690292902,1.3697410971673698,0,0,835.7956010517562,0,1671.7347939071826,0,183,184,42,-0.30000000000000426,-1,1208.737636031312,0.7457947598422769,Opposition (< 45%),Medium Turnout (20-30%),UPHILL PERSUASION,197.08537968728345,12.160227251209204,48.64806817536276,-4.248068175362761
34057,0,0,0,0,0,0,0,0,0,0,0,0,0,0,NA,NA,NA,NA,NA,NA,NA,NA,NA,NA,0,0,0,0,0,0,0,0,0,0,NA,NA,57,17,11,0,6,0,34,50,32.4,0,17.6,0,Mamdani,57,0,NA,NA,NA,NA,0,0,0,0,0,0,0,0,0,NA,NA,NA,NA,NA,NA,NA,NA,NA,NA,NA,NA,NA,NA,NA,NA,NA,NA,NA,NA,0,0,0,1475.1144635162243,0,4159.568116456901,0,17,11,6,17.6,6,-34,NA,Moderate Support (50-60%),Low Turnout (<20%),OPPOSITION TERRITORY,NA,NA,NA,NA
34058,96.88709801316818,15.769795465819485,4.71636468729793,58.465317731460516,5.027308233544693,53.25681095756272,0.18119854035310243,0,0,0,0.46013314022418833,9.08297162912597,0.30577253684586037,7.281509827001921,5.188831471514832,54.96790805967214,60.34375983014203,21.14436346347486,9.374799963449703,0.47491683584294203,7.515458689878679,5.188831471514832,60.34375983014203,0.09439747035455548,89.60558818616627,0.2553018923566829,4.320869164585015,6.741557577557733,7.109232273325609,3.9254802475328683,2.110546174091049,14.345805630449599,3.1041144991779133,12.789015513614489,23.670023017194133,17.736762108823537,NA,NA,NA,NA,NA,NA,NA,NA,NA,NA,NA,NA,NA,NA,NA,NA,NA,NA,NA,NA,NA,NA,NA,NA,NA,NA,NA,NA,NA,NA,NA,NA,NA,NA,NA,NA,NA,NA,NA,NA,NA,NA,NA,NA,NA,NA,NA,NA,NA,NA,NA,NA,NA,NA,NA,NA,NA,NA,NA,NA,NA,NA,NA,NA,NA,NA,NA,NA,NA
34059,373.5915998345097,100.8349612790145,27.043859346862128,183.318732286944,18.73753111889733,164.58120116804665,0,0,0,0,0,0,0,62.394046921689046,5.015511892450879,44.05377456049638,49.06928645294726,34.22957600827301,0,0,16.70113753877973,5.015511892450879,49.06928645294726,0.11384976525821597,311.1975529128206,0,16.226315608117275,10.81754373874485,12.942418401712589,8.113157804058638,13.71510009733722,24.339473412175913,4.249749325935477,9.465350771401745,10.174425822470518,4.407200496585972,NA,NA,NA,NA,NA,NA,NA,NA,NA,NA,NA,NA,NA,NA,NA,NA,NA,NA,NA,NA,NA,NA,NA,NA,NA,NA,NA,NA,NA,NA,NA,NA,NA,NA,NA,NA,NA,NA,NA,NA,NA,NA,NA,NA,NA,NA,NA,NA,NA,NA,NA,NA,NA,NA,NA,NA,NA,NA,NA,NA,NA,NA,NA,NA,NA,NA,NA,NA,NA
34060,750.8903962413783,132.0012993914707,60.29236697642974,380.4903316162509,60.045359065122376,320.4446410359557,3.3151517278686213e-4,0,0,0,9.324234120395497,112.24497806018725,8.507547604283086,48.02963847236126,7.996554406033504,42.6752882497843,50.67188680542666,25.608752932576657,14.948250586508424,1.241757008355473,6.396358072066998,7.996554406033504,50.67188680542666,0.18738138004431457,702.8607577690171,9.06219792245428e-9,2.129702915100003,77.69028710810655,60.22296602574296,90.80598757330856,31.70536627168265,174.79024343262898,14.348873204428994,52.80350265542648,24.87566842855196,9.554150678863753,NA,NA,NA,NA,NA,NA,NA,NA,NA,NA,NA,NA,NA,NA,NA,NA,NA,NA,NA,NA,NA,NA,NA,NA,NA,NA,NA,NA,NA,NA,NA,NA,NA,NA,NA,NA,NA,NA,NA,NA,NA,NA,NA,NA,NA,NA,NA,NA,NA,NA,NA,NA,NA,NA,NA,NA,NA,NA,NA,NA,NA,NA,NA,NA,NA,NA,NA,NA,NA
34061,3519.9412404686054,673.8193642845979,192.65598639602882,1992.6554250119013,226.97191286442552,1688.7793726502914,76.90413949718425,0,0,0,0.0175024661223797,382.20036220442404,58.907703546381086,219.68489655915002,6.448173346047362,47.97748761355648,56.610474121057244,24.616187927196023,10.858146090914351,4.972374516129599e-4,6.241152381563722,6.448173346047362,56.610474121057244,0.13439997938169176,3300.2563439094556,0.005579486714194155,82.36581272886743,42.06781974233084,106.84094896254051,90.12764341250255,174.92090141664488,961.9600907343167,88.34698060822576,435.82376726338214,25.81136375109799,15.882728286817857,NA,NA,NA,NA,NA,NA,NA,NA,NA,NA,NA,NA,NA,NA,NA,NA,NA,NA,NA,NA,NA,NA,NA,NA,NA,NA,NA,NA,NA,NA,NA,NA,NA,NA,NA,NA,NA,NA,NA,NA,NA,NA,NA,NA,NA,NA,NA,NA,NA,NA,NA,NA,NA,NA,NA,NA,NA,NA,NA,NA,NA,NA,NA,NA,NA,NA,NA,NA,NA
